id;X1;X2;X3;X4;X5;X6;X7;X8;X9;X10;X11;X12;X13;X14;X15;Y
1.00 ;b;30.83 ;0.00 ;u;g;w;v;1.25 ;t;t;1.00 ;f;g;202.00 ;0.00 ;+
2.00 ;a;58.67 ;4.46 ;u;g;q;h;3.04 ;t;t;6.00 ;f;g;43.00 ;560.00 ;+
3.00 ;a;24.50 ;0.50 ;u;g;q;h;1.50 ;t;f;0.00 ;f;g;280.00 ;824.00 ;+
4.00 ;b;27.83 ;1.54 ;u;g;w;v;3.75 ;t;t;5.00 ;t;g;100.00 ;3.00 ;+
5.00 ;b;20.17 ;5625.00 ;u;g;w;v;1.71 ;t;f;0.00 ;f;s;120.00 ;0.00 ;+
6.00 ;b;32.08 ;4.00 ;u;g;m;v;2.50 ;t;f;0.00 ;t;g;360.00 ;0.00 ;+
7.00 ;b;33.17 ;1.04 ;u;g;r;h;6.50 ;t;f;0.00 ;t;g;164.00 ;31285.00 ;+
8.00 ;a;22.92 ;11585.00 ;u;g;cc;v;0.04 ;t;f;0.00 ;f;g;80.00 ;1349.00 ;+
9.00 ;b;54.42 ;0.50 ;y;p;k;h;3.96 ;t;f;0.00 ;f;g;180.00 ;314.00 ;+
10.00 ;b;42.50 ;4915.00 ;y;p;w;v;3165.00 ;t;f;0.00 ;t;g;52.00 ;1442.00 ;+
11.00 ;b;22.08 ;0.83 ;u;g;c;h;2165.00 ;f;f;0.00 ;t;g;128.00 ;0.00 ;+
12.00 ;b;29.92 ;1835.00 ;u;g;c;h;4335.00 ;t;f;0.00 ;f;g;260.00 ;200.00 ;+
13.00 ;a;38.25 ;6.00 ;u;g;k;v;1.00 ;t;f;0.00 ;t;g;0.00 ;0.00 ;+
14.00 ;b;48.08 ;6.04 ;u;g;k;v;0.04 ;f;f;0.00 ;f;g;0.00 ;2690.00 ;+
15.00 ;a;45.83 ;10.50 ;u;g;q;v;5.00 ;t;t;7.00 ;t;g;0.00 ;0.00 ;+
16.00 ;b;36.67 ;4415.00 ;y;p;k;v;0.25 ;t;t;10.00 ;t;g;320.00 ;0.00 ;+
17.00 ;b;28.25 ;0.88 ;u;g;m;v;0.96 ;t;t;3.00 ;t;g;396.00 ;0.00 ;+
18.00 ;a;23.25 ;5875.00 ;u;g;q;v;3.17 ;t;t;10.00 ;f;g;120.00 ;245.00 ;+
19.00 ;b;21.83 ;0.25 ;u;g;d;h;0.67 ;t;f;0.00 ;t;g;0.00 ;0.00 ;+
20.00 ;a;19.17 ;8585.00 ;u;g;cc;h;0.75 ;t;t;7.00 ;f;g;96.00 ;0.00 ;+
21.00 ;b;25.00 ;11.25 ;u;g;c;v;2.50 ;t;t;17.00 ;f;g;200.00 ;1208.00 ;+
22.00 ;b;23.25 ;1.00 ;u;g;c;v;0.84 ;t;f;0.00 ;f;s;300.00 ;0.00 ;+
23.00 ;a;47.75 ;8.00 ;u;g;c;v;7875.00 ;t;t;6.00 ;t;g;0.00 ;1260.00 ;+
24.00 ;a;27.42 ;14.50 ;u;g;x;h;3085.00 ;t;t;1.00 ;f;g;120.00 ;11.00 ;+
25.00 ;a;41.17 ;6.50 ;u;g;q;v;0.50 ;t;t;3.00 ;t;g;145.00 ;0.00 ;+
26.00 ;a;15.83 ;0.59 ;u;g;c;h;1.50 ;t;t;2.00 ;f;g;100.00 ;0.00 ;+
27.00 ;a;47.00 ;13.00 ;u;g;i;bb;5165.00 ;t;t;9.00 ;t;g;0.00 ;0.00 ;+
28.00 ;b;56.58 ;18.50 ;u;g;d;bb;15.00 ;t;t;17.00 ;t;g;0.00 ;0.00 ;+
29.00 ;b;57.42 ;8.50 ;u;g;e;h;7.00 ;t;t;3.00 ;f;g;0.00 ;0.00 ;+
30.00 ;b;42.08 ;1.04 ;u;g;w;v;5.00 ;t;t;6.00 ;t;g;500.00 ;10000.00 ;+
31.00 ;b;29.25 ;14.79 ;u;g;aa;v;5.04 ;t;t;5.00 ;t;g;168.00 ;0.00 ;+
32.00 ;b;42.00 ;9.79 ;u;g;x;h;7.96 ;t;t;8.00 ;f;g;0.00 ;0.00 ;+
33.00 ;b;49.50 ;7585.00 ;u;g;i;bb;7585.00 ;t;t;15.00 ;t;g;0.00 ;5000.00 ;+
34.00 ;a;36.75 ;5125.00 ;u;g;e;v;5.00 ;t;f;0.00 ;t;g;0.00 ;4000.00 ;+
35.00 ;a;22.58 ;10.75 ;u;g;q;v;0.42 ;t;t;5.00 ;t;g;0.00 ;560.00 ;+
36.00 ;b;27.83 ;1.50 ;u;g;w;v;2.00 ;t;t;11.00 ;t;g;434.00 ;35.00 ;+
37.00 ;b;27.25 ;1585.00 ;u;g;cc;h;1835.00 ;t;t;12.00 ;t;g;583.00 ;713.00 ;+
38.00 ;a;23.00 ;11.75 ;u;g;x;h;0.50 ;t;t;2.00 ;t;g;300.00 ;551.00 ;+
39.00 ;b;27.75 ;0.59 ;y;p;cc;v;0.25 ;t;t;2.00 ;f;g;260.00 ;500.00 ;+
40.00 ;b;54.58 ;9415.00 ;u;g;ff;ff;14415.00 ;t;t;11.00 ;t;g;30.00 ;300.00 ;+
41.00 ;b;34.17 ;9.17 ;u;g;c;v;4.50 ;t;t;12.00 ;t;g;0.00 ;221.00 ;+
42.00 ;b;28.92 ;15.00 ;u;g;c;h;5335.00 ;t;t;11.00 ;f;g;0.00 ;2283.00 ;+
43.00 ;b;29.67 ;1415.00 ;u;g;w;h;0.75 ;t;t;1.00 ;f;g;240.00 ;100.00 ;+
44.00 ;b;39.58 ;13915.00 ;u;g;w;v;8625.00 ;t;t;6.00 ;t;g;70.00 ;0.00 ;+
45.00 ;b;56.42 ;28.00 ;y;p;c;v;28.50 ;t;t;40.00 ;f;g;0.00 ;15.00 ;+
46.00 ;b;54.33 ;6.75 ;u;g;c;h;2625.00 ;t;t;11.00 ;t;g;0.00 ;284.00 ;+
47.00 ;a;41.00 ;2.04 ;y;p;q;h;0.13 ;t;t;23.00 ;t;g;455.00 ;1236.00 ;+
48.00 ;b;31.92 ;4.46 ;u;g;cc;h;6.04 ;t;t;3.00 ;f;g;311.00 ;300.00 ;+
49.00 ;b;41.50 ;1.54 ;u;g;i;bb;3.50 ;f;f;0.00 ;f;g;216.00 ;0.00 ;+
50.00 ;b;23.92 ;0.67 ;u;g;c;v;0.17 ;f;f;0.00 ;f;g;100.00 ;0.00 ;+
51.00 ;a;25.75 ;0.50 ;u;g;c;h;0.88 ;t;f;0.00 ;t;g;491.00 ;0.00 ;+
52.00 ;b;26.00 ;1.00 ;u;g;q;v;1.75 ;t;f;0.00 ;t;g;280.00 ;0.00 ;+
53.00 ;b;37.42 ;2.04 ;u;g;w;v;0.04 ;t;f;0.00 ;t;g;400.00 ;5800.00 ;+
54.00 ;b;34.92 ;2.50 ;u;g;w;v;0.00 ;t;f;0.00 ;t;g;239.00 ;200.00 ;+
55.00 ;b;34.25 ;3.00 ;u;g;cc;h;7415.00 ;t;f;0.00 ;t;g;0.00 ;0.00 ;+
56.00 ;b;23.33 ;11625.00 ;y;p;w;v;0.84 ;t;f;0.00 ;t;g;160.00 ;300.00 ;+
57.00 ;b;23.17 ;0.00 ;u;g;cc;v;0.09 ;t;f;0.00 ;f;g;0.00 ;0.00 ;+
58.00 ;b;44.33 ;0.50 ;u;g;i;h;5.00 ;t;f;0.00 ;t;g;320.00 ;0.00 ;+
59.00 ;b;35.17 ;4.50 ;u;g;x;h;5.75 ;f;f;0.00 ;t;s;711.00 ;0.00 ;+
60.00 ;b;43.25 ;3.00 ;u;g;q;h;6.00 ;t;t;11.00 ;f;g;80.00 ;0.00 ;+
61.00 ;b;56.75 ;12.25 ;u;g;m;v;1.25 ;t;t;4.00 ;t;g;200.00 ;0.00 ;+
62.00 ;b;31.67 ;16165.00 ;u;g;d;v;3.00 ;t;t;9.00 ;f;g;250.00 ;730.00 ;+
63.00 ;a;23.42 ;0.79 ;y;p;q;v;1.50 ;t;t;2.00 ;t;g;80.00 ;400.00 ;+
64.00 ;a;20.42 ;0.84 ;u;g;q;v;1585.00 ;t;t;1.00 ;f;g;0.00 ;0.00 ;+
65.00 ;b;26.67 ;4.25 ;u;g;cc;v;4.29 ;t;t;1.00 ;t;g;120.00 ;0.00 ;+
66.00 ;b;34.17 ;1.54 ;u;g;cc;v;1.54 ;t;t;1.00 ;t;g;520.00 ;50000.00 ;+
67.00 ;a;36.00 ;1.00 ;u;g;c;v;2.00 ;t;t;11.00 ;f;g;0.00 ;456.00 ;+
68.00 ;b;25.50 ;0.38 ;u;g;m;v;0.25 ;t;t;3.00 ;f;g;260.00 ;15108.00 ;+
69.00 ;b;19.42 ;6.50 ;u;g;w;h;1.46 ;t;t;7.00 ;f;g;80.00 ;2954.00 ;+
70.00 ;b;35.17 ;25125.00 ;u;g;x;h;1625.00 ;t;t;1.00 ;t;g;515.00 ;500.00 ;+
71.00 ;b;32.33 ;7.50 ;u;g;e;bb;1585.00 ;t;f;0.00 ;t;s;420.00 ;0.00 ;-
72.00 ;b;34.83 ;4.00 ;u;g;d;bb;12.50 ;t;f;0.00 ;t;g;;0.00 ;-
73.00 ;a;38.58 ;5.00 ;u;g;cc;v;13.50 ;t;f;0.00 ;t;g;980.00 ;0.00 ;-
74.00 ;b;44.25 ;0.50 ;u;g;m;v;10.75 ;t;f;0.00 ;f;s;400.00 ;0.00 ;-
75.00 ;b;44.83 ;7.00 ;y;p;c;v;1625.00 ;f;f;0.00 ;f;g;160.00 ;2.00 ;-
76.00 ;b;20.67 ;5.29 ;u;g;q;v;0.38 ;t;t;1.00 ;f;g;160.00 ;0.00 ;-
77.00 ;b;34.08 ;6.50 ;u;g;aa;v;0.13 ;t;f;0.00 ;t;g;443.00 ;0.00 ;-
78.00 ;a;19.17 ;0.59 ;y;p;aa;v;0.59 ;t;f;0.00 ;t;g;160.00 ;0.00 ;-
79.00 ;b;21.67 ;1165.00 ;y;p;k;v;2.50 ;t;t;1.00 ;f;g;180.00 ;20.00 ;-
80.00 ;b;21.50 ;9.75 ;u;g;c;v;0.25 ;t;f;0.00 ;f;g;140.00 ;0.00 ;-
81.00 ;b;49.58 ;19.00 ;u;g;ff;ff;0.00 ;t;t;1.00 ;f;g;94.00 ;0.00 ;-
82.00 ;a;27.67 ;1.50 ;u;g;m;v;2.00 ;t;f;0.00 ;f;s;368.00 ;0.00 ;-
83.00 ;b;39.83 ;0.50 ;u;g;m;v;0.25 ;t;f;0.00 ;f;s;288.00 ;0.00 ;-
84.00 ;a;;3.50 ;u;g;d;v;3.00 ;t;f;0.00 ;t;g;300.00 ;0.00 ;-
85.00 ;b;27.25 ;0.63 ;u;g;aa;v;0.46 ;t;f;0.00 ;t;g;200.00 ;0.00 ;-
86.00 ;b;37.17 ;4.00 ;u;g;c;bb;5.00 ;t;f;0.00 ;t;s;280.00 ;0.00 ;-
87.00 ;b;;0.38 ;u;g;d;v;0.88 ;t;f;0.00 ;t;s;928.00 ;0.00 ;-
88.00 ;b;25.67 ;2.21 ;y;p;aa;v;4.00 ;t;f;0.00 ;f;g;188.00 ;0.00 ;-
89.00 ;b;34.00 ;4.50 ;u;g;aa;v;1.00 ;t;f;0.00 ;t;g;240.00 ;0.00 ;-
90.00 ;a;49.00 ;1.50 ;u;g;j;j;0.00 ;t;f;0.00 ;t;g;100.00 ;27.00 ;-
91.00 ;b;62.50 ;12.75 ;y;p;c;h;5.00 ;t;f;0.00 ;f;g;112.00 ;0.00 ;-
92.00 ;b;31.42 ;15.50 ;u;g;c;v;0.50 ;t;f;0.00 ;f;g;120.00 ;0.00 ;-
93.00 ;b;;5.00 ;y;p;aa;v;8.50 ;t;f;0.00 ;f;g;0.00 ;0.00 ;-
94.00 ;b;52.33 ;1375.00 ;y;p;c;h;9.46 ;t;f;0.00 ;t;g;200.00 ;100.00 ;-
95.00 ;b;28.75 ;1.50 ;y;p;c;v;1.50 ;t;f;0.00 ;t;g;0.00 ;225.00 ;-
96.00 ;a;28.58 ;3.54 ;u;g;i;bb;0.50 ;t;f;0.00 ;t;g;171.00 ;0.00 ;-
97.00 ;b;23.00 ;0.63 ;y;p;aa;v;0.13 ;t;f;0.00 ;f;g;180.00 ;1.00 ;-
98.00 ;b;;0.50 ;u;g;c;bb;0.84 ;t;f;0.00 ;t;s;320.00 ;0.00 ;-
99.00 ;a;22.50 ;11.00 ;y;p;q;v;3.00 ;t;f;0.00 ;t;g;268.00 ;0.00 ;-
100.00 ;a;28.50 ;1.00 ;u;g;q;v;1.00 ;t;t;2.00 ;t;g;167.00 ;500.00 ;-
101.00 ;b;37.50 ;1.75 ;y;p;c;bb;0.25 ;t;f;0.00 ;t;g;164.00 ;400.00 ;-
102.00 ;b;35.25 ;16.50 ;y;p;c;v;4.00 ;t;f;0.00 ;f;g;80.00 ;0.00 ;-
103.00 ;b;18.67 ;5.00 ;u;g;q;v;0.38 ;t;t;2.00 ;f;g;0.00 ;38.00 ;-
104.00 ;b;25.00 ;12.00 ;u;g;k;v;2.25 ;t;t;2.00 ;t;g;120.00 ;5.00 ;-
105.00 ;b;27.83 ;4.00 ;y;p;i;h;5.75 ;t;t;2.00 ;t;g;75.00 ;0.00 ;-
106.00 ;b;54.83 ;15.50 ;u;g;e;z;0.00 ;t;t;20.00 ;f;g;152.00 ;130.00 ;-
107.00 ;b;28.75 ;1165.00 ;u;g;k;v;0.50 ;t;f;0.00 ;f;s;280.00 ;0.00 ;-
108.00 ;a;25.00 ;11.00 ;y;p;aa;v;4.50 ;t;f;0.00 ;f;g;120.00 ;0.00 ;-
109.00 ;b;40.92 ;2.25 ;y;p;x;h;10.00 ;t;f;0.00 ;t;g;176.00 ;0.00 ;-
110.00 ;a;19.75 ;0.75 ;u;g;c;v;0.80 ;t;t;5.00 ;t;g;140.00 ;5.00 ;-
111.00 ;b;29.17 ;3.50 ;u;g;w;v;3.50 ;t;t;3.00 ;t;g;329.00 ;0.00 ;-
112.00 ;a;24.50 ;1.04 ;y;p;ff;ff;0.50 ;t;t;3.00 ;f;g;180.00 ;147.00 ;-
113.00 ;b;24.58 ;12.50 ;u;g;w;v;0.88 ;t;f;0.00 ;t;g;260.00 ;0.00 ;-
114.00 ;a;33.75 ;0.75 ;u;g;k;bb;1.00 ;t;t;3.00 ;t;g;212.00 ;0.00 ;-
115.00 ;b;20.67 ;1.25 ;y;p;c;h;1375.00 ;t;t;3.00 ;t;g;140.00 ;210.00 ;-
116.00 ;a;25.42 ;1125.00 ;u;g;q;v;1.29 ;t;t;2.00 ;f;g;200.00 ;0.00 ;-
117.00 ;b;37.75 ;7.00 ;u;g;q;h;11.50 ;t;t;7.00 ;t;g;300.00 ;5.00 ;-
118.00 ;b;52.50 ;6.50 ;u;g;k;v;6.29 ;t;t;15.00 ;f;g;0.00 ;11202.00 ;+
119.00 ;b;57.83 ;7.04 ;u;g;m;v;14.00 ;t;t;6.00 ;t;g;360.00 ;1332.00 ;+
120.00 ;a;20.75 ;10335.00 ;u;g;cc;h;0.34 ;t;t;1.00 ;t;g;80.00 ;50.00 ;+
121.00 ;b;39.92 ;6.21 ;u;g;q;v;0.04 ;t;t;1.00 ;f;g;200.00 ;300.00 ;+
122.00 ;b;25.67 ;12.50 ;u;g;cc;v;1.21 ;t;t;67.00 ;t;g;140.00 ;258.00 ;+
123.00 ;a;24.75 ;12.50 ;u;g;aa;v;1.50 ;t;t;12.00 ;t;g;120.00 ;567.00 ;+
124.00 ;a;44.17 ;6665.00 ;u;g;q;v;7375.00 ;t;t;3.00 ;t;g;0.00 ;0.00 ;+
125.00 ;a;23.50 ;9.00 ;u;g;q;v;8.50 ;t;t;5.00 ;t;g;120.00 ;0.00 ;+
126.00 ;b;34.92 ;5.00 ;u;g;x;h;7.50 ;t;t;6.00 ;t;g;0.00 ;1000.00 ;+
127.00 ;b;47.67 ;2.50 ;u;g;m;bb;2.50 ;t;t;12.00 ;t;g;410.00 ;2510.00 ;+
128.00 ;b;22.75 ;11.00 ;u;g;q;v;2.50 ;t;t;7.00 ;t;g;100.00 ;809.00 ;+
129.00 ;b;34.42 ;4.25 ;u;g;i;bb;3.25 ;t;t;2.00 ;f;g;274.00 ;610.00 ;+
130.00 ;a;28.42 ;3.50 ;u;g;w;v;0.84 ;t;f;0.00 ;f;s;280.00 ;0.00 ;+
131.00 ;b;67.75 ;5.50 ;u;g;e;z;13.00 ;t;t;1.00 ;t;g;0.00 ;0.00 ;+
132.00 ;b;20.42 ;1835.00 ;u;g;c;v;2.25 ;t;t;1.00 ;f;g;100.00 ;150.00 ;+
133.00 ;a;47.42 ;8.00 ;u;g;e;bb;6.50 ;t;t;6.00 ;f;g;375.00 ;51100.00 ;+
134.00 ;b;36.25 ;5.00 ;u;g;c;bb;2.50 ;t;t;6.00 ;f;g;0.00 ;367.00 ;+
135.00 ;b;32.67 ;5.50 ;u;g;q;h;5.50 ;t;t;12.00 ;t;g;408.00 ;1000.00 ;+
136.00 ;b;48.58 ;6.50 ;u;g;q;h;6.00 ;t;f;0.00 ;t;g;350.00 ;0.00 ;+
137.00 ;b;39.92 ;0.54 ;y;p;aa;v;0.50 ;t;t;3.00 ;f;g;200.00 ;1000.00 ;+
138.00 ;b;33.58 ;2.75 ;u;g;m;v;4.25 ;t;t;6.00 ;f;g;204.00 ;0.00 ;+
139.00 ;a;18.83 ;9.50 ;u;g;w;v;1625.00 ;t;t;6.00 ;t;g;40.00 ;600.00 ;+
140.00 ;a;26.92 ;13.50 ;u;g;q;h;5.00 ;t;t;2.00 ;f;g;0.00 ;5000.00 ;+
141.00 ;a;31.25 ;3.75 ;u;g;cc;h;0.63 ;t;t;9.00 ;t;g;181.00 ;0.00 ;+
142.00 ;a;56.50 ;16.00 ;u;g;j;ff;0.00 ;t;t;15.00 ;f;g;0.00 ;247.00 ;+
143.00 ;b;43.00 ;0.29 ;y;p;cc;h;1.75 ;t;t;8.00 ;f;g;100.00 ;375.00 ;+
144.00 ;b;22.33 ;11.00 ;u;g;w;v;2.00 ;t;t;1.00 ;f;g;80.00 ;278.00 ;+
145.00 ;b;27.25 ;1665.00 ;u;g;cc;h;5085.00 ;t;t;9.00 ;f;g;399.00 ;827.00 ;+
146.00 ;b;32.83 ;2.50 ;u;g;cc;h;2.75 ;t;t;6.00 ;f;g;160.00 ;2072.00 ;+
147.00 ;b;23.25 ;1.50 ;u;g;q;v;2375.00 ;t;t;3.00 ;t;g;0.00 ;582.00 ;+
148.00 ;a;40.33 ;7.54 ;y;p;q;h;8.00 ;t;t;14.00 ;f;g;0.00 ;2300.00 ;+
149.00 ;a;30.50 ;6.50 ;u;g;c;bb;4.00 ;t;t;7.00 ;t;g;0.00 ;3065.00 ;+
150.00 ;a;52.83 ;15.00 ;u;g;c;v;5.50 ;t;t;14.00 ;f;g;0.00 ;2200.00 ;+
151.00 ;a;46.67 ;0.46 ;u;g;cc;h;0.42 ;t;t;11.00 ;t;g;440.00 ;6.00 ;+
152.00 ;a;58.33 ;10.00 ;u;g;q;v;4.00 ;t;t;14.00 ;f;g;0.00 ;1602.00 ;+
153.00 ;b;37.33 ;6.50 ;u;g;m;h;4.25 ;t;t;12.00 ;t;g;93.00 ;0.00 ;+
154.00 ;b;23.08 ;2.50 ;u;g;c;v;1085.00 ;t;t;11.00 ;t;g;60.00 ;2184.00 ;+
155.00 ;b;32.75 ;1.50 ;u;g;cc;h;5.50 ;t;t;3.00 ;t;g;0.00 ;0.00 ;+
156.00 ;a;21.67 ;11.50 ;y;p;j;j;0.00 ;t;t;11.00 ;t;g;0.00 ;0.00 ;+
157.00 ;a;28.50 ;3.04 ;y;p;x;h;2.54 ;t;t;1.00 ;f;g;70.00 ;0.00 ;+
158.00 ;a;68.67 ;15.00 ;u;g;e;z;0.00 ;t;t;14.00 ;f;g;0.00 ;3376.00 ;+
159.00 ;b;28.00 ;2.00 ;u;g;k;h;4165.00 ;t;t;2.00 ;t;g;181.00 ;0.00 ;+
160.00 ;b;34.08 ;0.08 ;y;p;m;bb;0.04 ;t;t;1.00 ;t;g;280.00 ;2000.00 ;+
161.00 ;b;27.67 ;2.00 ;u;g;x;h;1.00 ;t;t;4.00 ;f;g;140.00 ;7544.00 ;+
162.00 ;b;44.00 ;2.00 ;u;g;m;v;1.75 ;t;t;2.00 ;t;g;0.00 ;15.00 ;+
163.00 ;b;25.08 ;1.71 ;u;g;x;v;1665.00 ;t;t;1.00 ;t;g;395.00 ;20.00 ;+
164.00 ;b;32.00 ;1.75 ;y;p;e;h;0.04 ;t;f;0.00 ;t;g;393.00 ;0.00 ;+
165.00 ;a;60.58 ;16.50 ;u;g;q;v;11.00 ;t;f;0.00 ;t;g;21.00 ;10561.00 ;+
166.00 ;a;40.83 ;10.00 ;u;g;q;h;1.75 ;t;f;0.00 ;f;g;29.00 ;837.00 ;+
167.00 ;b;19.33 ;9.50 ;u;g;q;v;1.00 ;t;f;0.00 ;t;g;60.00 ;400.00 ;+
168.00 ;a;32.33 ;0.54 ;u;g;cc;v;0.04 ;t;f;0.00 ;f;g;440.00 ;11177.00 ;+
169.00 ;b;36.67 ;3.25 ;u;g;q;h;9.00 ;t;f;0.00 ;t;g;102.00 ;639.00 ;+
170.00 ;b;37.50 ;1125.00 ;y;p;d;v;1.50 ;f;f;0.00 ;t;g;431.00 ;0.00 ;+
171.00 ;a;25.08 ;2.54 ;y;p;aa;v;0.25 ;t;f;0.00 ;t;g;370.00 ;0.00 ;+
172.00 ;b;41.33 ;0.00 ;u;g;c;bb;15.00 ;t;f;0.00 ;f;g;0.00 ;0.00 ;+
173.00 ;b;56.00 ;12.50 ;u;g;k;h;8.00 ;t;f;0.00 ;t;g;24.00 ;2028.00 ;+
174.00 ;a;49.83 ;13585.00 ;u;g;k;h;8.50 ;t;f;0.00 ;t;g;0.00 ;0.00 ;+
175.00 ;b;22.67 ;10.50 ;u;g;q;h;1335.00 ;t;f;0.00 ;f;g;100.00 ;0.00 ;+
176.00 ;b;27.00 ;1.50 ;y;p;w;v;0.38 ;t;f;0.00 ;t;g;260.00 ;1065.00 ;+
177.00 ;b;25.00 ;12.50 ;u;g;aa;v;3.00 ;t;f;0.00 ;t;s;20.00 ;0.00 ;+
178.00 ;a;26.08 ;8665.00 ;u;g;aa;v;1415.00 ;t;f;0.00 ;f;g;160.00 ;150.00 ;+
179.00 ;a;18.42 ;9.25 ;u;g;q;v;1.21 ;t;t;4.00 ;f;g;60.00 ;540.00 ;+
180.00 ;b;20.17 ;8.17 ;u;g;aa;v;1.96 ;t;t;14.00 ;f;g;60.00 ;158.00 ;+
181.00 ;b;47.67 ;0.29 ;u;g;c;bb;15.00 ;t;t;20.00 ;f;g;0.00 ;15000.00 ;+
182.00 ;a;21.25 ;2335.00 ;u;g;i;bb;0.50 ;t;t;4.00 ;f;s;80.00 ;0.00 ;+
183.00 ;a;20.67 ;3.00 ;u;g;q;v;0.17 ;t;t;3.00 ;f;g;100.00 ;6.00 ;+
184.00 ;a;57.08 ;19.50 ;u;g;c;v;5.50 ;t;t;7.00 ;f;g;0.00 ;3000.00 ;+
185.00 ;a;22.42 ;5665.00 ;u;g;q;v;2585.00 ;t;t;7.00 ;f;g;129.00 ;3257.00 ;+
186.00 ;b;48.75 ;8.50 ;u;g;c;h;12.50 ;t;t;9.00 ;f;g;181.00 ;1655.00 ;+
187.00 ;b;40.00 ;6.50 ;u;g;aa;bb;3.50 ;t;t;1.00 ;f;g;0.00 ;500.00 ;+
188.00 ;b;40.58 ;5.00 ;u;g;c;v;5.00 ;t;t;7.00 ;f;g;0.00 ;3065.00 ;+
189.00 ;a;28.67 ;1.04 ;u;g;c;v;2.50 ;t;t;5.00 ;t;g;300.00 ;1430.00 ;+
190.00 ;a;33.08 ;4625.00 ;u;g;q;h;1625.00 ;t;t;2.00 ;f;g;0.00 ;0.00 ;+
191.00 ;b;21.33 ;10.50 ;u;g;c;v;3.00 ;t;f;0.00 ;t;g;0.00 ;0.00 ;+
192.00 ;b;42.00 ;0.21 ;u;g;i;h;5125.00 ;t;f;0.00 ;f;g;400.00 ;0.00 ;+
193.00 ;b;41.75 ;0.96 ;u;g;x;v;2.50 ;t;f;0.00 ;f;g;510.00 ;600.00 ;+
194.00 ;b;22.67 ;1585.00 ;y;p;w;v;3085.00 ;t;t;6.00 ;f;g;80.00 ;0.00 ;+
195.00 ;b;34.50 ;4.04 ;y;p;i;bb;8.50 ;t;t;7.00 ;t;g;195.00 ;0.00 ;+
196.00 ;b;28.25 ;5.04 ;y;p;c;bb;1.50 ;t;t;8.00 ;t;g;144.00 ;7.00 ;+
197.00 ;b;33.17 ;3165.00 ;y;p;x;v;3165.00 ;t;t;3.00 ;t;g;380.00 ;0.00 ;+
198.00 ;b;48.17 ;7625.00 ;u;g;w;h;15.50 ;t;t;12.00 ;f;g;0.00 ;790.00 ;+
199.00 ;b;27.58 ;2.04 ;y;p;aa;v;2.00 ;t;t;3.00 ;t;g;370.00 ;560.00 ;+
200.00 ;b;22.58 ;10.04 ;u;g;x;v;0.04 ;t;t;9.00 ;f;g;60.00 ;396.00 ;+
201.00 ;a;24.08 ;0.50 ;u;g;q;h;1.25 ;t;t;1.00 ;f;g;0.00 ;678.00 ;+
202.00 ;a;41.33 ;1.00 ;u;g;i;bb;2.25 ;t;f;0.00 ;t;g;0.00 ;300.00 ;+
203.00 ;b;24.83 ;2.75 ;u;g;c;v;2.25 ;t;t;6.00 ;f;g;;600.00 ;+
204.00 ;a;20.75 ;10.25 ;u;g;q;v;0.71 ;t;t;2.00 ;t;g;49.00 ;0.00 ;+
205.00 ;b;36.33 ;2125.00 ;y;p;w;v;0.09 ;t;t;1.00 ;f;g;50.00 ;1187.00 ;+
206.00 ;a;35.42 ;12.00 ;u;g;q;h;14.00 ;t;t;8.00 ;f;g;0.00 ;6590.00 ;+
207.00 ;a;71.58 ;0.00 ;;;;;0.00 ;f;f;0.00 ;f;p;;0.00 ;+
208.00 ;b;28.67 ;9335.00 ;u;g;q;h;5665.00 ;t;t;6.00 ;f;g;381.00 ;168.00 ;+
209.00 ;b;35.17 ;2.50 ;u;g;k;v;4.50 ;t;t;7.00 ;f;g;150.00 ;1270.00 ;+
210.00 ;b;39.50 ;4.25 ;u;g;c;bb;6.50 ;t;t;16.00 ;f;g;117.00 ;1210.00 ;+
211.00 ;b;39.33 ;5875.00 ;u;g;cc;h;10.00 ;t;t;14.00 ;t;g;399.00 ;0.00 ;+
212.00 ;b;24.33 ;6625.00 ;y;p;d;v;5.50 ;t;f;0.00 ;t;s;100.00 ;0.00 ;+
213.00 ;b;60.08 ;14.50 ;u;g;ff;ff;18.00 ;t;t;15.00 ;t;g;0.00 ;1000.00 ;+
214.00 ;b;23.08 ;11.50 ;u;g;i;v;3.50 ;t;t;9.00 ;f;g;56.00 ;742.00 ;+
215.00 ;b;26.67 ;2.71 ;y;p;cc;v;5.25 ;t;t;1.00 ;f;g;211.00 ;0.00 ;+
216.00 ;b;48.17 ;3.50 ;u;g;aa;v;3.50 ;t;f;0.00 ;f;s;230.00 ;0.00 ;+
217.00 ;b;41.17 ;4.04 ;u;g;cc;h;7.00 ;t;t;8.00 ;f;g;320.00 ;0.00 ;+
218.00 ;b;55.92 ;11.50 ;u;g;ff;ff;5.00 ;t;t;5.00 ;f;g;0.00 ;8851.00 ;+
219.00 ;b;53.92 ;9625.00 ;u;g;e;v;8665.00 ;t;t;5.00 ;f;g;0.00 ;0.00 ;+
220.00 ;a;18.92 ;9.25 ;y;p;c;v;1.00 ;t;t;4.00 ;t;g;80.00 ;500.00 ;+
221.00 ;a;50.08 ;12.54 ;u;g;aa;v;2.29 ;t;t;3.00 ;t;g;156.00 ;0.00 ;+
222.00 ;b;65.42 ;11.00 ;u;g;e;z;20.00 ;t;t;7.00 ;t;g;22.00 ;0.00 ;+
223.00 ;a;17.58 ;9.00 ;u;g;aa;v;1375.00 ;t;f;0.00 ;t;g;0.00 ;0.00 ;+
224.00 ;a;18.83 ;9.54 ;u;g;aa;v;0.09 ;t;f;0.00 ;f;g;100.00 ;0.00 ;+
225.00 ;a;37.75 ;5.50 ;u;g;q;v;0.13 ;t;f;0.00 ;t;g;228.00 ;0.00 ;+
226.00 ;b;23.25 ;4.00 ;u;g;c;bb;0.25 ;t;f;0.00 ;t;g;160.00 ;0.00 ;+
227.00 ;b;18.08 ;5.50 ;u;g;k;v;0.50 ;t;f;0.00 ;f;g;80.00 ;0.00 ;+
228.00 ;a;22.50 ;8.46 ;y;p;x;v;2.46 ;f;f;0.00 ;f;g;164.00 ;0.00 ;+
229.00 ;b;19.67 ;0.38 ;u;g;q;v;2.00 ;t;t;2.00 ;t;g;80.00 ;0.00 ;+
230.00 ;b;22.08 ;11.00 ;u;g;cc;v;0.67 ;t;f;0.00 ;f;g;100.00 ;0.00 ;+
231.00 ;b;25.17 ;3.50 ;u;g;cc;v;0.63 ;t;t;7.00 ;f;g;0.00 ;7059.00 ;+
232.00 ;a;47.42 ;3.00 ;u;g;x;v;13875.00 ;t;t;2.00 ;t;g;519.00 ;1704.00 ;+
233.00 ;b;33.50 ;1.75 ;u;g;x;h;4.50 ;t;t;4.00 ;t;g;253.00 ;857.00 ;+
234.00 ;b;27.67 ;13.75 ;u;g;w;v;5.75 ;t;f;0.00 ;t;g;487.00 ;500.00 ;+
235.00 ;a;58.42 ;21.00 ;u;g;i;bb;10.00 ;t;t;13.00 ;f;g;0.00 ;6700.00 ;+
236.00 ;a;20.67 ;1835.00 ;u;g;q;v;2085.00 ;t;t;5.00 ;f;g;220.00 ;2503.00 ;+
237.00 ;b;26.17 ;0.25 ;u;g;i;bb;0.00 ;t;f;0.00 ;t;g;0.00 ;0.00 ;+
238.00 ;b;21.33 ;7.50 ;u;g;aa;v;1415.00 ;t;t;1.00 ;f;g;80.00 ;9800.00 ;+
239.00 ;b;42.83 ;4625.00 ;u;g;q;v;4.58 ;t;f;0.00 ;f;s;0.00 ;0.00 ;+
240.00 ;b;38.17 ;10125.00 ;u;g;x;v;2.50 ;t;t;6.00 ;f;g;520.00 ;196.00 ;+
241.00 ;b;20.50 ;10.00 ;y;p;c;v;2.50 ;t;f;0.00 ;f;s;40.00 ;0.00 ;+
242.00 ;b;48.25 ;25085.00 ;u;g;w;v;1.75 ;t;t;3.00 ;f;g;120.00 ;14.00 ;+
243.00 ;b;28.33 ;5.00 ;u;g;w;v;11.00 ;t;f;0.00 ;t;g;70.00 ;0.00 ;+
244.00 ;a;18.75 ;7.50 ;u;g;q;v;2.71 ;t;t;5.00 ;f;g;;26726.00 ;+
245.00 ;b;18.50 ;2.00 ;u;g;i;v;1.50 ;t;t;2.00 ;f;g;120.00 ;300.00 ;+
246.00 ;b;33.17 ;3.04 ;y;p;c;h;2.04 ;t;t;1.00 ;t;g;180.00 ;18027.00 ;+
247.00 ;b;45.00 ;8.50 ;u;g;cc;h;14.00 ;t;t;1.00 ;t;g;88.00 ;2000.00 ;+
248.00 ;a;19.67 ;0.21 ;u;g;q;h;0.29 ;t;t;11.00 ;f;g;80.00 ;99.00 ;+
249.00 ;;24.50 ;12.75 ;u;g;c;bb;4.75 ;t;t;2.00 ;f;g;73.00 ;444.00 ;+
250.00 ;b;21.83 ;11.00 ;u;g;x;v;0.29 ;t;t;6.00 ;f;g;121.00 ;0.00 ;+
251.00 ;b;40.25 ;21.50 ;u;g;e;z;20.00 ;t;t;11.00 ;f;g;0.00 ;1200.00 ;+
252.00 ;b;41.42 ;5.00 ;u;g;q;h;5.00 ;t;t;6.00 ;t;g;470.00 ;0.00 ;+
253.00 ;a;17.83 ;11.00 ;u;g;x;h;1.00 ;t;t;11.00 ;f;g;0.00 ;3000.00 ;+
254.00 ;b;23.17 ;11125.00 ;u;g;x;h;0.46 ;t;t;1.00 ;f;g;100.00 ;0.00 ;+
255.00 ;b;;0.63 ;u;g;k;v;0.25 ;f;f;0.00 ;f;g;380.00 ;2010.00 ;-
256.00 ;b;18.17 ;10.25 ;u;g;c;h;1085.00 ;f;f;0.00 ;f;g;320.00 ;13.00 ;-
257.00 ;b;20.00 ;11045.00 ;u;g;c;v;2.00 ;f;f;0.00 ;t;g;136.00 ;0.00 ;-
258.00 ;b;20.00 ;0.00 ;u;g;d;v;0.50 ;f;f;0.00 ;f;g;144.00 ;0.00 ;-
259.00 ;a;20.75 ;9.54 ;u;g;i;v;0.04 ;f;f;0.00 ;f;g;200.00 ;1000.00 ;-
260.00 ;a;24.50 ;1.75 ;y;p;c;v;0.17 ;f;f;0.00 ;f;g;132.00 ;0.00 ;-
261.00 ;b;32.75 ;2335.00 ;u;g;d;h;5.75 ;f;f;0.00 ;t;g;292.00 ;0.00 ;-
262.00 ;a;52.17 ;0.00 ;y;p;ff;ff;0.00 ;f;f;0.00 ;f;g;0.00 ;0.00 ;-
263.00 ;a;48.17 ;1335.00 ;u;g;i;o;0.34 ;f;f;0.00 ;f;g;0.00 ;120.00 ;-
264.00 ;a;20.42 ;10.50 ;y;p;x;h;0.00 ;f;f;0.00 ;t;g;154.00 ;32.00 ;-
265.00 ;b;50.75 ;0.59 ;u;g;ff;ff;0.00 ;f;f;0.00 ;f;g;145.00 ;0.00 ;-
266.00 ;b;17.08 ;0.09 ;y;p;c;v;0.04 ;f;f;0.00 ;f;g;140.00 ;722.00 ;-
267.00 ;b;18.33 ;1.21 ;y;p;e;dd;0.00 ;f;f;0.00 ;f;g;100.00 ;0.00 ;-
268.00 ;a;32.00 ;6.00 ;u;g;d;v;1.25 ;f;f;0.00 ;f;g;272.00 ;0.00 ;-
269.00 ;b;59.67 ;1.54 ;u;g;q;v;0.13 ;t;f;0.00 ;t;g;260.00 ;0.00 ;+
270.00 ;b;18.00 ;0.17 ;u;g;q;n;0.21 ;f;f;0.00 ;f;g;200.00 ;40.00 ;+
271.00 ;b;37.58 ;0.00 ;;;;;0.00 ;f;f;0.00 ;f;p;;0.00 ;+
272.00 ;b;32.33 ;2.50 ;u;g;c;v;1.25 ;f;f;0.00 ;t;g;280.00 ;0.00 ;-
273.00 ;b;18.08 ;6.75 ;y;p;m;v;0.04 ;f;f;0.00 ;f;g;140.00 ;0.00 ;-
274.00 ;b;38.25 ;10125.00 ;y;p;k;v;0.13 ;f;f;0.00 ;f;g;160.00 ;0.00 ;-
275.00 ;b;30.67 ;2.50 ;u;g;cc;h;2.25 ;f;f;0.00 ;t;s;340.00 ;0.00 ;-
276.00 ;b;18.58 ;5.71 ;u;g;d;v;0.54 ;f;f;0.00 ;f;g;120.00 ;0.00 ;-
277.00 ;a;19.17 ;5415.00 ;u;g;i;h;0.29 ;f;f;0.00 ;f;g;80.00 ;484.00 ;-
278.00 ;a;18.17 ;10.00 ;y;p;q;h;0.17 ;f;f;0.00 ;f;g;340.00 ;0.00 ;-
279.00 ;b;24.58 ;13.50 ;y;p;ff;ff;0.00 ;f;f;0.00 ;f;g;;0.00 ;-
280.00 ;b;16.25 ;0.84 ;u;g;m;v;0.09 ;t;f;0.00 ;f;s;200.00 ;0.00 ;-
281.00 ;b;21.17 ;0.88 ;y;p;c;h;0.25 ;f;f;0.00 ;f;g;280.00 ;204.00 ;-
282.00 ;b;23.92 ;0.59 ;y;p;cc;h;0.13 ;f;f;0.00 ;f;g;240.00 ;1.00 ;-
283.00 ;b;17.67 ;4.46 ;u;g;c;v;0.25 ;f;f;0.00 ;f;s;80.00 ;0.00 ;-
284.00 ;a;16.50 ;1.25 ;u;g;q;v;0.25 ;f;t;1.00 ;f;g;108.00 ;98.00 ;-
285.00 ;b;23.25 ;12625.00 ;u;g;c;v;0.13 ;f;t;2.00 ;f;g;0.00 ;5552.00 ;-
286.00 ;b;17.58 ;10.00 ;u;g;w;h;0.17 ;f;t;1.00 ;f;g;120.00 ;1.00 ;-
287.00 ;a;;1.50 ;u;g;ff;ff;0.00 ;f;t;2.00 ;t;g;200.00 ;105.00 ;-
288.00 ;b;29.50 ;0.58 ;u;g;w;v;0.29 ;f;t;1.00 ;f;g;340.00 ;2803.00 ;-
289.00 ;b;18.83 ;0.42 ;y;p;c;v;0.17 ;f;t;1.00 ;f;g;200.00 ;1.00 ;-
290.00 ;a;21.75 ;1.75 ;y;p;j;j;0.00 ;f;f;0.00 ;f;g;160.00 ;0.00 ;-
291.00 ;b;23.00 ;0.75 ;u;g;m;v;0.50 ;f;f;0.00 ;t;s;320.00 ;0.00 ;-
292.00 ;a;18.25 ;10.00 ;u;g;w;v;1.00 ;f;t;1.00 ;f;g;120.00 ;1.00 ;-
293.00 ;b;25.42 ;0.54 ;u;g;w;v;0.17 ;f;t;1.00 ;f;g;272.00 ;444.00 ;-
294.00 ;b;35.75 ;2415.00 ;u;g;w;v;0.13 ;f;t;2.00 ;f;g;220.00 ;1.00 ;-
295.00 ;a;16.08 ;0.34 ;u;g;ff;ff;0.00 ;f;t;1.00 ;f;g;160.00 ;126.00 ;-
296.00 ;a;31.92 ;3125.00 ;u;g;ff;ff;3.04 ;f;t;2.00 ;t;g;200.00 ;4.00 ;-
297.00 ;b;69.17 ;9.00 ;u;g;ff;ff;4.00 ;f;t;1.00 ;f;g;70.00 ;6.00 ;-
298.00 ;b;32.92 ;2.50 ;u;g;aa;v;1.75 ;f;t;2.00 ;t;g;720.00 ;0.00 ;-
299.00 ;b;16.33 ;2.75 ;u;g;aa;v;0.67 ;f;t;1.00 ;f;g;80.00 ;21.00 ;-
300.00 ;b;22.17 ;12125.00 ;u;g;c;v;3335.00 ;f;t;2.00 ;t;g;180.00 ;173.00 ;-
301.00 ;a;57.58 ;2.00 ;u;g;ff;ff;6.50 ;f;t;1.00 ;f;g;0.00 ;10.00 ;-
302.00 ;b;18.25 ;0.17 ;u;g;d;v;0.25 ;f;f;0.00 ;t;s;280.00 ;0.00 ;-
303.00 ;b;23.42 ;1.00 ;u;g;c;v;0.50 ;f;f;0.00 ;t;s;280.00 ;0.00 ;-
304.00 ;a;15.92 ;2875.00 ;u;g;q;v;0.09 ;f;f;0.00 ;f;g;120.00 ;0.00 ;-
305.00 ;a;24.75 ;13665.00 ;u;g;q;h;1.50 ;f;f;0.00 ;f;g;280.00 ;1.00 ;-
306.00 ;b;48.75 ;26335.00 ;y;p;ff;ff;0.00 ;t;f;0.00 ;t;g;0.00 ;0.00 ;-
307.00 ;b;23.50 ;2.75 ;u;g;ff;ff;4.50 ;f;f;0.00 ;f;g;160.00 ;25.00 ;-
308.00 ;b;18.58 ;10.29 ;u;g;ff;ff;0.42 ;f;f;0.00 ;f;g;80.00 ;0.00 ;-
309.00 ;b;27.75 ;1.29 ;u;g;k;h;0.25 ;f;f;0.00 ;t;s;140.00 ;0.00 ;-
310.00 ;a;31.75 ;3.00 ;y;p;j;j;0.00 ;f;f;0.00 ;f;g;160.00 ;20.00 ;-
311.00 ;a;24.83 ;4.50 ;u;g;w;v;1.00 ;f;f;0.00 ;t;g;360.00 ;6.00 ;-
312.00 ;b;19.00 ;1.75 ;y;p;c;v;2335.00 ;f;f;0.00 ;t;g;112.00 ;6.00 ;-
313.00 ;a;16.33 ;0.21 ;u;g;aa;v;0.13 ;f;f;0.00 ;f;g;200.00 ;1.00 ;-
314.00 ;a;18.58 ;10.00 ;u;g;d;v;0.42 ;f;f;0.00 ;f;g;80.00 ;42.00 ;-
315.00 ;b;16.25 ;0.00 ;y;p;aa;v;0.25 ;f;f;0.00 ;f;g;60.00 ;0.00 ;-
316.00 ;b;23.00 ;0.75 ;u;g;m;v;0.50 ;t;f;0.00 ;t;s;320.00 ;0.00 ;-
317.00 ;b;21.17 ;0.25 ;y;p;c;h;0.25 ;f;f;0.00 ;f;g;280.00 ;204.00 ;-
318.00 ;b;17.50 ;22.00 ;l;gg;ff;o;0.00 ;f;f;0.00 ;t;p;450.00 ;100000.00 ;+
319.00 ;b;19.17 ;0.00 ;y;p;m;bb;0.00 ;f;f;0.00 ;t;s;500.00 ;1.00 ;+
320.00 ;b;36.75 ;0.13 ;y;p;c;v;1.50 ;f;f;0.00 ;t;g;232.00 ;113.00 ;+
321.00 ;b;21.25 ;1.50 ;u;g;w;v;1.50 ;f;f;0.00 ;f;g;150.00 ;8.00 ;+
322.00 ;a;18.08 ;0.38 ;l;gg;cc;ff;10.00 ;f;f;0.00 ;t;s;300.00 ;0.00 ;+
323.00 ;a;33.67 ;0.38 ;u;g;cc;v;0.38 ;f;f;0.00 ;f;g;300.00 ;44.00 ;+
324.00 ;b;48.58 ;0.21 ;y;p;k;v;0.25 ;t;t;11.00 ;f;g;380.00 ;2732.00 ;+
325.00 ;b;33.67 ;1.25 ;u;g;w;v;1165.00 ;f;f;0.00 ;f;g;120.00 ;0.00 ;-
326.00 ;a;29.50 ;1085.00 ;y;p;x;v;1.00 ;f;f;0.00 ;f;g;280.00 ;13.00 ;-
327.00 ;b;30.17 ;1085.00 ;y;p;c;v;0.04 ;f;f;0.00 ;f;g;170.00 ;179.00 ;-
328.00 ;;40.83 ;3.50 ;u;g;i;bb;0.50 ;f;f;0.00 ;f;s;1160.00 ;0.00 ;-
329.00 ;b;34.83 ;2.50 ;y;p;w;v;3.00 ;f;f;0.00 ;f;s;200.00 ;0.00 ;-
330.00 ;b;;4.00 ;y;p;i;v;0.09 ;f;f;0.00 ;t;g;411.00 ;0.00 ;-
331.00 ;b;20.42 ;0.00 ;;;;;0.00 ;f;f;0.00 ;f;p;;0.00 ;-
332.00 ;a;33.25 ;2.50 ;y;p;c;v;2.50 ;f;f;0.00 ;t;g;0.00 ;2.00 ;-
333.00 ;b;34.08 ;2.50 ;u;g;c;v;1.00 ;f;f;0.00 ;f;g;460.00 ;16.00 ;-
334.00 ;a;25.25 ;12.50 ;u;g;d;v;1.00 ;f;f;0.00 ;t;g;180.00 ;1062.00 ;-
335.00 ;b;34.75 ;2.50 ;u;g;cc;bb;0.50 ;f;f;0.00 ;f;g;348.00 ;0.00 ;-
336.00 ;b;27.67 ;0.75 ;u;g;q;h;0.17 ;f;f;0.00 ;t;g;220.00 ;251.00 ;-
337.00 ;b;47.33 ;6.50 ;u;g;c;v;1.00 ;f;f;0.00 ;t;g;0.00 ;228.00 ;-
338.00 ;a;34.83 ;1.25 ;y;p;i;h;0.50 ;f;f;0.00 ;t;g;160.00 ;0.00 ;-
339.00 ;a;33.25 ;3.00 ;y;p;aa;v;2.00 ;f;f;0.00 ;f;g;180.00 ;0.00 ;-
340.00 ;b;28.00 ;3.00 ;u;g;w;v;0.75 ;f;f;0.00 ;t;g;300.00 ;67.00 ;-
341.00 ;a;39.08 ;4.00 ;u;g;c;v;3.00 ;f;f;0.00 ;f;g;480.00 ;0.00 ;-
342.00 ;b;42.75 ;4085.00 ;u;g;aa;v;0.04 ;f;f;0.00 ;f;g;108.00 ;100.00 ;-
343.00 ;b;26.92 ;2.25 ;u;g;i;bb;0.50 ;f;f;0.00 ;t;g;640.00 ;4000.00 ;-
344.00 ;b;33.75 ;2.75 ;u;g;i;bb;0.00 ;f;f;0.00 ;f;g;180.00 ;0.00 ;-
345.00 ;b;38.92 ;1.75 ;u;g;k;v;0.50 ;f;f;0.00 ;t;g;300.00 ;2.00 ;-
346.00 ;b;62.75 ;7.00 ;u;g;e;z;0.00 ;f;f;0.00 ;f;g;0.00 ;12.00 ;-
347.00 ;;32.25 ;1.50 ;u;g;c;v;0.25 ;f;f;0.00 ;t;g;372.00 ;122.00 ;-
348.00 ;b;26.75 ;4.50 ;y;p;c;bb;2.50 ;f;f;0.00 ;f;g;200.00 ;1210.00 ;-
349.00 ;b;63.33 ;0.54 ;u;g;c;v;0.59 ;t;t;3.00 ;t;g;180.00 ;0.00 ;-
350.00 ;b;27.83 ;1.50 ;u;g;w;v;2.25 ;f;t;1.00 ;t;g;100.00 ;3.00 ;-
351.00 ;a;26.17 ;2.00 ;u;g;j;j;0.00 ;f;f;0.00 ;t;g;276.00 ;1.00 ;-
352.00 ;b;22.17 ;0.59 ;y;p;ff;ff;0.00 ;f;f;0.00 ;f;g;100.00 ;0.00 ;-
353.00 ;b;22.50 ;11.50 ;y;p;m;v;1.50 ;f;f;0.00 ;t;g;0.00 ;4000.00 ;-
354.00 ;b;30.75 ;1585.00 ;u;g;d;v;0.59 ;f;f;0.00 ;t;s;0.00 ;0.00 ;-
355.00 ;b;36.67 ;2.00 ;u;g;i;v;0.25 ;f;f;0.00 ;t;g;221.00 ;0.00 ;-
356.00 ;a;16.00 ;0.17 ;u;g;aa;v;1.00 ;f;t;2.00 ;t;g;320.00 ;1.00 ;-
357.00 ;b;41.17 ;1335.00 ;u;g;d;v;0.17 ;f;f;0.00 ;f;g;168.00 ;0.00 ;-
358.00 ;a;19.50 ;0.17 ;u;g;q;v;0.04 ;f;f;0.00 ;t;g;380.00 ;0.00 ;-
359.00 ;b;32.42 ;3.00 ;u;g;d;v;0.17 ;f;f;0.00 ;t;g;120.00 ;0.00 ;-
360.00 ;a;36.75 ;4.71 ;u;g;ff;ff;0.00 ;f;f;0.00 ;f;g;160.00 ;0.00 ;-
361.00 ;a;30.25 ;5.50 ;u;g;k;v;5.50 ;f;f;0.00 ;t;s;100.00 ;0.00 ;-
362.00 ;b;23.08 ;2.50 ;u;g;ff;ff;0.09 ;f;f;0.00 ;t;g;100.00 ;4208.00 ;-
363.00 ;b;26.83 ;0.54 ;u;g;k;ff;0.00 ;f;f;0.00 ;f;g;100.00 ;0.00 ;-
364.00 ;b;16.92 ;0.34 ;y;p;k;v;0.29 ;f;f;0.00 ;f;s;200.00 ;0.00 ;-
365.00 ;b;24.42 ;2.00 ;u;g;e;dd;0.17 ;f;t;2.00 ;f;g;320.00 ;1300.00 ;-
366.00 ;b;42.83 ;1.25 ;u;g;m;v;13875.00 ;f;t;1.00 ;t;g;352.00 ;112.00 ;-
367.00 ;a;22.75 ;6165.00 ;u;g;aa;v;0.17 ;f;f;0.00 ;f;g;220.00 ;1000.00 ;-
368.00 ;b;39.42 ;1.71 ;y;p;m;v;0.17 ;f;f;0.00 ;f;s;400.00 ;0.00 ;-
369.00 ;a;23.58 ;11.50 ;y;p;k;h;3.00 ;f;f;0.00 ;t;g;20.00 ;16.00 ;-
370.00 ;b;21.42 ;0.75 ;y;p;r;n;0.75 ;f;f;0.00 ;t;g;132.00 ;2.00 ;-
371.00 ;b;33.00 ;2.50 ;y;p;w;v;7.00 ;f;f;0.00 ;t;g;280.00 ;0.00 ;-
372.00 ;b;26.33 ;13.00 ;u;g;e;dd;0.00 ;f;f;0.00 ;t;g;140.00 ;1110.00 ;-
373.00 ;a;45.00 ;4585.00 ;u;g;k;h;1.00 ;f;f;0.00 ;t;s;240.00 ;0.00 ;-
374.00 ;b;26.25 ;1.54 ;u;g;w;v;0.13 ;f;f;0.00 ;f;g;100.00 ;0.00 ;-
375.00 ;;28.17 ;0.59 ;u;g;aa;v;0.04 ;f;f;0.00 ;f;g;260.00 ;1004.00 ;-
376.00 ;a;20.83 ;0.50 ;y;p;e;dd;1.00 ;f;f;0.00 ;f;g;260.00 ;0.00 ;-
377.00 ;b;28.67 ;14.50 ;u;g;d;v;0.13 ;f;f;0.00 ;f;g;0.00 ;286.00 ;-
378.00 ;b;20.67 ;0.84 ;y;p;c;v;2.00 ;f;f;0.00 ;t;s;240.00 ;0.00 ;-
379.00 ;b;34.42 ;1335.00 ;u;g;i;bb;0.13 ;f;f;0.00 ;t;g;440.00 ;4500.00 ;-
380.00 ;b;33.58 ;0.25 ;u;g;i;bb;4.00 ;f;f;0.00 ;t;s;420.00 ;0.00 ;-
381.00 ;b;43.17 ;5.00 ;u;g;i;bb;2.25 ;f;f;0.00 ;t;g;141.00 ;0.00 ;-
382.00 ;a;22.67 ;7.00 ;u;g;c;v;0.17 ;f;f;0.00 ;f;g;160.00 ;0.00 ;-
383.00 ;a;24.33 ;2.50 ;y;p;i;bb;4.50 ;f;f;0.00 ;f;g;200.00 ;456.00 ;-
384.00 ;a;56.83 ;4.25 ;y;p;ff;ff;5.00 ;f;f;0.00 ;t;g;0.00 ;4.00 ;-
385.00 ;b;22.08 ;11.46 ;u;g;k;v;1585.00 ;f;f;0.00 ;t;g;100.00 ;1212.00 ;-
386.00 ;b;34.00 ;5.50 ;y;p;c;v;1.50 ;f;f;0.00 ;t;g;60.00 ;0.00 ;-
387.00 ;b;22.58 ;1.50 ;y;p;aa;v;0.54 ;f;f;0.00 ;t;g;120.00 ;67.00 ;-
388.00 ;b;21.17 ;0.00 ;u;g;c;v;0.50 ;f;f;0.00 ;t;s;0.00 ;0.00 ;-
389.00 ;b;26.67 ;14585.00 ;u;g;i;bb;0.00 ;f;f;0.00 ;t;g;178.00 ;0.00 ;-
390.00 ;b;22.92 ;0.17 ;u;g;m;v;0.09 ;f;f;0.00 ;f;s;0.00 ;0.00 ;-
391.00 ;b;15.17 ;7.00 ;u;g;e;v;1.00 ;f;f;0.00 ;f;g;600.00 ;0.00 ;-
392.00 ;b;39.92 ;5.00 ;u;g;i;bb;0.21 ;f;f;0.00 ;f;g;550.00 ;0.00 ;-
393.00 ;b;27.42 ;12.50 ;u;g;aa;bb;0.25 ;f;f;0.00 ;t;g;720.00 ;0.00 ;-
394.00 ;b;24.75 ;0.54 ;u;g;m;v;1.00 ;f;f;0.00 ;t;g;120.00 ;1.00 ;-
395.00 ;b;41.17 ;1.25 ;y;p;w;v;0.25 ;f;f;0.00 ;f;g;0.00 ;195.00 ;-
396.00 ;a;33.08 ;1625.00 ;u;g;d;v;0.54 ;f;f;0.00 ;t;g;0.00 ;0.00 ;-
397.00 ;b;29.83 ;2.04 ;y;p;x;h;0.04 ;f;f;0.00 ;f;g;128.00 ;1.00 ;-
398.00 ;a;23.58 ;0.59 ;y;p;ff;ff;0.13 ;f;f;0.00 ;f;g;120.00 ;87.00 ;-
399.00 ;b;26.17 ;12.50 ;y;p;k;h;1.25 ;f;f;0.00 ;t;g;0.00 ;17.00 ;-
400.00 ;b;31.00 ;2085.00 ;u;g;c;v;0.09 ;f;f;0.00 ;f;g;300.00 ;0.00 ;-
401.00 ;b;20.75 ;5085.00 ;y;p;j;v;0.29 ;f;f;0.00 ;f;g;140.00 ;184.00 ;-
402.00 ;b;28.92 ;0.38 ;u;g;c;v;0.29 ;f;f;0.00 ;f;g;220.00 ;140.00 ;-
403.00 ;a;51.92 ;6.50 ;u;g;i;bb;3085.00 ;f;f;0.00 ;t;g;73.00 ;0.00 ;-
404.00 ;a;22.67 ;0.34 ;u;g;q;v;0.75 ;f;f;0.00 ;f;s;160.00 ;0.00 ;-
405.00 ;b;34.00 ;5085.00 ;y;p;i;bb;1085.00 ;f;f;0.00 ;t;g;480.00 ;0.00 ;-
406.00 ;a;69.50 ;6.00 ;u;g;ff;ff;0.00 ;f;f;0.00 ;f;s;0.00 ;0.00 ;-
407.00 ;a;40.33 ;8125.00 ;y;p;k;v;0.17 ;f;t;2.00 ;f;g;;18.00 ;-
408.00 ;a;19.58 ;0.67 ;y;p;c;v;1.00 ;f;t;1.00 ;f;g;2000.00 ;2.00 ;-
409.00 ;b;16.00 ;3125.00 ;u;g;w;v;0.09 ;f;t;1.00 ;f;g;0.00 ;6.00 ;-
410.00 ;b;17.08 ;0.25 ;u;g;q;v;0.34 ;f;t;4.00 ;f;g;160.00 ;8.00 ;-
411.00 ;b;31.25 ;2835.00 ;u;g;ff;ff;0.00 ;f;t;5.00 ;f;g;176.00 ;146.00 ;-
412.00 ;b;25.17 ;3.00 ;u;g;c;v;1.25 ;f;t;1.00 ;f;g;0.00 ;22.00 ;-
413.00 ;a;22.67 ;0.79 ;u;g;i;v;0.09 ;f;f;0.00 ;f;g;144.00 ;0.00 ;-
414.00 ;b;40.58 ;1.50 ;u;g;i;bb;0.00 ;f;f;0.00 ;f;s;300.00 ;0.00 ;-
415.00 ;b;22.25 ;0.46 ;u;g;k;v;0.13 ;f;f;0.00 ;t;g;280.00 ;55.00 ;-
416.00 ;a;22.25 ;1.25 ;y;p;ff;ff;3.25 ;f;f;0.00 ;f;g;280.00 ;0.00 ;-
417.00 ;b;22.50 ;0.13 ;y;p;k;v;0.13 ;f;f;0.00 ;f;g;200.00 ;70.00 ;-
418.00 ;b;23.58 ;1.79 ;u;g;c;v;0.54 ;f;f;0.00 ;t;g;136.00 ;1.00 ;-
419.00 ;b;38.42 ;0.71 ;u;g;c;v;0.38 ;f;t;2.00 ;f;g;225.00 ;500.00 ;-
420.00 ;a;26.58 ;2.54 ;y;p;ff;ff;0.00 ;f;f;0.00 ;t;g;180.00 ;60.00 ;-
421.00 ;b;35.00 ;2.50 ;u;g;i;v;1.00 ;f;f;0.00 ;t;g;210.00 ;0.00 ;-
422.00 ;b;20.42 ;1085.00 ;u;g;q;v;1.50 ;f;f;0.00 ;f;g;108.00 ;7.00 ;-
423.00 ;b;29.42 ;1.25 ;u;g;w;v;1.75 ;f;f;0.00 ;f;g;200.00 ;0.00 ;-
424.00 ;b;26.17 ;0.84 ;u;g;cc;v;1165.00 ;f;f;0.00 ;f;g;100.00 ;0.00 ;-
425.00 ;b;33.67 ;2165.00 ;u;g;c;v;1.50 ;f;f;0.00 ;f;p;120.00 ;0.00 ;-
426.00 ;b;24.58 ;1.25 ;u;g;c;v;0.25 ;f;f;0.00 ;f;g;110.00 ;0.00 ;-
427.00 ;a;27.67 ;2.04 ;u;g;w;v;0.25 ;f;f;0.00 ;t;g;180.00 ;50.00 ;-
428.00 ;b;37.50 ;0.84 ;u;g;e;v;0.04 ;f;f;0.00 ;f;g;120.00 ;5.00 ;-
429.00 ;b;49.17 ;2.29 ;u;g;ff;ff;0.29 ;f;f;0.00 ;f;g;200.00 ;3.00 ;-
430.00 ;b;33.58 ;0.34 ;y;p;cc;v;0.09 ;f;f;0.00 ;f;g;180.00 ;0.00 ;-
431.00 ;b;51.83 ;3.00 ;y;p;ff;ff;1.50 ;f;f;0.00 ;f;g;180.00 ;4.00 ;-
432.00 ;b;22.92 ;3165.00 ;y;p;c;v;0.17 ;f;f;0.00 ;f;g;160.00 ;1058.00 ;-
433.00 ;b;21.83 ;1.54 ;u;g;k;v;0.09 ;f;f;0.00 ;t;g;356.00 ;0.00 ;-
434.00 ;b;25.25 ;1.00 ;u;g;aa;v;0.50 ;f;f;0.00 ;f;g;200.00 ;0.00 ;-
435.00 ;b;58.58 ;2.71 ;u;g;c;v;2415.00 ;f;f;0.00 ;t;g;320.00 ;0.00 ;-
436.00 ;b;19.00 ;0.00 ;y;p;ff;ff;0.00 ;f;t;4.00 ;f;g;45.00 ;1.00 ;-
437.00 ;b;19.58 ;0.59 ;u;g;ff;ff;0.00 ;f;t;3.00 ;f;g;350.00 ;769.00 ;-
438.00 ;a;53.33 ;0.17 ;u;g;ff;ff;0.00 ;f;f;0.00 ;t;s;62.00 ;27.00 ;-
439.00 ;a;27.17 ;1.25 ;u;g;ff;ff;0.00 ;f;t;1.00 ;f;g;92.00 ;300.00 ;-
440.00 ;b;25.92 ;0.88 ;u;g;k;v;0.38 ;f;t;2.00 ;t;g;174.00 ;3.00 ;-
441.00 ;b;23.08 ;0.00 ;u;g;k;v;1.00 ;f;t;11.00 ;f;s;0.00 ;0.00 ;-
442.00 ;b;39.58 ;5.00 ;u;g;ff;ff;0.00 ;f;t;2.00 ;f;g;17.00 ;1.00 ;-
443.00 ;b;30.58 ;2.71 ;y;p;m;v;0.13 ;f;f;0.00 ;t;s;80.00 ;0.00 ;-
444.00 ;b;17.25 ;3.00 ;u;g;k;v;0.04 ;f;f;0.00 ;t;g;160.00 ;40.00 ;-
445.00 ;a;17.67 ;0.00 ;y;p;j;ff;0.00 ;f;f;0.00 ;f;g;86.00 ;0.00 ;-
446.00 ;a;;11.25 ;u;g;ff;ff;0.00 ;f;f;0.00 ;f;g;;5200.00 ;-
447.00 ;b;16.50 ;0.13 ;u;g;c;v;0.17 ;f;f;0.00 ;f;g;132.00 ;0.00 ;-
448.00 ;a;27.33 ;1665.00 ;u;g;ff;ff;0.00 ;f;f;0.00 ;f;g;340.00 ;1.00 ;-
449.00 ;b;31.25 ;1125.00 ;u;g;ff;ff;0.00 ;f;t;1.00 ;f;g;96.00 ;19.00 ;-
450.00 ;b;20.00 ;7.00 ;u;g;c;v;0.50 ;f;f;0.00 ;f;g;0.00 ;0.00 ;-
451.00 ;b;;3.00 ;y;p;i;bb;7.00 ;f;f;0.00 ;f;g;0.00 ;1.00 ;-
452.00 ;b;39.50 ;1625.00 ;u;g;c;v;1.50 ;f;f;0.00 ;f;g;0.00 ;316.00 ;-
453.00 ;b;36.50 ;4.25 ;u;g;q;v;3.50 ;f;f;0.00 ;f;g;454.00 ;50.00 ;-
454.00 ;;29.75 ;0.67 ;u;g;w;v;0.25 ;f;f;0.00 ;t;g;300.00 ;0.00 ;-
455.00 ;b;52.42 ;1.50 ;u;g;d;v;3.75 ;f;f;0.00 ;t;g;0.00 ;350.00 ;-
456.00 ;b;36.17 ;18125.00 ;u;g;w;v;0.09 ;f;f;0.00 ;f;g;320.00 ;3552.00 ;-
457.00 ;b;34.58 ;0.00 ;;;;;0.00 ;f;f;0.00 ;f;p;;0.00 ;-
458.00 ;b;29.67 ;0.75 ;y;p;c;v;0.04 ;f;f;0.00 ;f;g;240.00 ;0.00 ;-
459.00 ;b;36.17 ;5.50 ;u;g;i;bb;5.00 ;f;f;0.00 ;f;g;210.00 ;687.00 ;-
460.00 ;b;25.67 ;0.29 ;y;p;c;v;1.50 ;f;f;0.00 ;t;g;160.00 ;0.00 ;-
461.00 ;a;24.50 ;2415.00 ;y;p;c;v;0.00 ;f;f;0.00 ;f;g;120.00 ;0.00 ;-
462.00 ;b;24.08 ;0.88 ;u;g;m;v;0.09 ;f;t;4.00 ;f;g;254.00 ;1950.00 ;-
463.00 ;b;21.92 ;0.50 ;u;g;c;v;0.13 ;f;f;0.00 ;f;g;360.00 ;0.00 ;-
464.00 ;a;36.58 ;0.29 ;u;g;ff;ff;0.00 ;f;t;10.00 ;f;g;200.00 ;18.00 ;-
465.00 ;a;23.00 ;1835.00 ;u;g;j;j;0.00 ;f;t;1.00 ;f;g;200.00 ;53.00 ;-
466.00 ;a;27.58 ;3.00 ;u;g;m;v;2.79 ;f;t;1.00 ;t;g;280.00 ;10.00 ;-
467.00 ;b;31.08 ;3085.00 ;u;g;c;v;2.50 ;f;t;2.00 ;t;g;160.00 ;41.00 ;-
468.00 ;a;30.42 ;1375.00 ;u;g;w;h;0.04 ;f;t;3.00 ;f;g;0.00 ;33.00 ;-
469.00 ;b;22.08 ;2335.00 ;u;g;k;v;0.75 ;f;f;0.00 ;f;g;180.00 ;0.00 ;-
470.00 ;b;16.33 ;4085.00 ;u;g;i;h;0.42 ;f;f;0.00 ;t;g;120.00 ;0.00 ;-
471.00 ;a;21.92 ;11665.00 ;u;g;k;h;0.09 ;f;f;0.00 ;f;g;320.00 ;5.00 ;-
472.00 ;b;21.08 ;4125.00 ;y;p;i;h;0.04 ;f;f;0.00 ;f;g;140.00 ;100.00 ;-
473.00 ;b;17.42 ;6.50 ;u;g;i;v;0.13 ;f;f;0.00 ;f;g;60.00 ;100.00 ;-
474.00 ;b;19.17 ;4.00 ;y;p;i;v;1.00 ;f;f;0.00 ;t;g;360.00 ;1000.00 ;-
475.00 ;b;20.67 ;0.42 ;u;g;c;v;0.13 ;f;f;0.00 ;f;g;0.00 ;44.00 ;-
476.00 ;b;26.75 ;2.00 ;u;g;d;v;0.75 ;f;f;0.00 ;t;g;80.00 ;0.00 ;-
477.00 ;b;23.58 ;0.84 ;u;g;i;h;0.09 ;f;f;0.00 ;t;g;220.00 ;5.00 ;-
478.00 ;b;39.17 ;2.50 ;y;p;i;h;10.00 ;f;f;0.00 ;t;s;200.00 ;0.00 ;-
479.00 ;b;22.75 ;11.50 ;u;g;i;v;0.42 ;f;f;0.00 ;f;g;0.00 ;0.00 ;-
480.00 ;;26.50 ;2.71 ;y;p;;;0.09 ;f;f;0.00 ;f;s;80.00 ;0.00 ;-
481.00 ;a;16.92 ;0.50 ;u;g;i;v;0.17 ;f;t;6.00 ;t;g;240.00 ;35.00 ;-
482.00 ;b;23.50 ;3165.00 ;y;p;k;v;0.42 ;f;t;1.00 ;t;g;280.00 ;80.00 ;-
483.00 ;a;17.33 ;9.50 ;u;g;aa;v;1.75 ;f;t;10.00 ;t;g;0.00 ;10.00 ;-
484.00 ;b;23.75 ;0.42 ;y;p;c;v;0.04 ;f;t;2.00 ;f;g;128.00 ;6.00 ;-
485.00 ;b;34.67 ;1.08 ;u;g;m;v;1165.00 ;f;f;0.00 ;f;s;28.00 ;0.00 ;-
486.00 ;b;74.83 ;19.00 ;y;p;ff;ff;0.04 ;f;t;2.00 ;f;g;0.00 ;351.00 ;-
487.00 ;b;28.17 ;0.13 ;y;p;k;v;0.09 ;f;f;0.00 ;f;g;216.00 ;2100.00 ;-
488.00 ;b;24.50 ;13335.00 ;y;p;aa;v;0.04 ;f;f;0.00 ;t;g;120.00 ;475.00 ;-
489.00 ;b;18.83 ;3.54 ;y;p;ff;ff;0.00 ;f;f;0.00 ;t;g;180.00 ;1.00 ;-
490.00 ;;45.33 ;1.00 ;u;g;q;v;0.13 ;f;f;0.00 ;t;g;263.00 ;0.00 ;-
491.00 ;a;47.25 ;0.75 ;u;g;q;h;2.75 ;t;t;1.00 ;f;g;333.00 ;892.00 ;+
492.00 ;b;24.17 ;0.88 ;u;g;q;v;4625.00 ;t;t;2.00 ;t;g;520.00 ;2000.00 ;+
493.00 ;b;39.25 ;9.50 ;u;g;m;v;6.50 ;t;t;14.00 ;f;g;240.00 ;4607.00 ;+
494.00 ;a;20.50 ;11835.00 ;u;g;c;h;6.00 ;t;f;0.00 ;f;g;340.00 ;0.00 ;+
495.00 ;a;18.83 ;4415.00 ;y;p;c;h;3.00 ;t;f;0.00 ;f;g;240.00 ;0.00 ;+
496.00 ;b;19.17 ;9.50 ;u;g;w;v;1.50 ;t;f;0.00 ;f;g;120.00 ;2206.00 ;+
497.00 ;a;25.00 ;0.88 ;u;g;x;h;1.04 ;t;f;0.00 ;t;g;160.00 ;5860.00 ;+
498.00 ;b;20.17 ;9.25 ;u;g;c;v;1665.00 ;t;t;3.00 ;t;g;40.00 ;28.00 ;+
499.00 ;b;25.75 ;0.50 ;u;g;c;v;1.46 ;t;t;5.00 ;t;g;312.00 ;0.00 ;+
500.00 ;b;20.42 ;7.00 ;u;g;c;v;1625.00 ;t;t;3.00 ;f;g;200.00 ;1391.00 ;+
501.00 ;b;;4.00 ;u;g;x;v;5.00 ;t;t;3.00 ;t;g;290.00 ;2279.00 ;+
502.00 ;b;39.00 ;5.00 ;u;g;cc;v;3.50 ;t;t;10.00 ;t;g;0.00 ;0.00 ;+
503.00 ;a;64.08 ;0.17 ;u;g;ff;ff;0.00 ;t;t;1.00 ;f;g;232.00 ;100.00 ;+
504.00 ;b;28.25 ;5125.00 ;u;g;x;v;4.75 ;t;t;2.00 ;f;g;420.00 ;7.00 ;+
505.00 ;a;28.75 ;3.75 ;u;g;c;v;1085.00 ;t;t;1.00 ;t;g;371.00 ;0.00 ;+
506.00 ;b;31.33 ;19.50 ;u;g;c;v;7.00 ;t;t;16.00 ;f;g;0.00 ;5000.00 ;+
507.00 ;a;18.92 ;9.00 ;u;g;aa;v;0.75 ;t;t;2.00 ;f;g;88.00 ;591.00 ;+
508.00 ;a;24.75 ;3.00 ;u;g;q;h;1835.00 ;t;t;19.00 ;f;g;0.00 ;500.00 ;+
509.00 ;a;30.67 ;12.00 ;u;g;c;v;2.00 ;t;t;1.00 ;f;g;220.00 ;19.00 ;+
510.00 ;b;21.00 ;4.79 ;y;p;w;v;2.25 ;t;t;1.00 ;t;g;80.00 ;300.00 ;+
511.00 ;b;13.75 ;4.00 ;y;p;w;v;1.75 ;t;t;2.00 ;t;g;120.00 ;1000.00 ;+
512.00 ;a;46.00 ;4.00 ;u;g;j;j;0.00 ;t;f;0.00 ;f;g;100.00 ;960.00 ;+
513.00 ;a;44.33 ;0.00 ;u;g;c;v;2.50 ;t;f;0.00 ;f;g;0.00 ;0.00 ;+
514.00 ;b;20.25 ;9.96 ;u;g;e;dd;0.00 ;t;f;0.00 ;f;g;0.00 ;0.00 ;+
515.00 ;b;22.67 ;2.54 ;y;p;c;h;2585.00 ;t;f;0.00 ;f;g;0.00 ;0.00 ;+
516.00 ;b;;10.50 ;u;g;x;v;6.50 ;t;f;0.00 ;f;g;0.00 ;0.00 ;+
517.00 ;a;60.92 ;5.00 ;u;g;aa;v;4.00 ;t;t;4.00 ;f;g;0.00 ;99.00 ;+
518.00 ;b;16.08 ;0.75 ;u;g;c;v;1.75 ;t;t;5.00 ;t;g;352.00 ;690.00 ;+
519.00 ;a;28.17 ;0.38 ;u;g;q;v;0.59 ;t;t;4.00 ;f;g;80.00 ;0.00 ;+
520.00 ;b;39.17 ;1.71 ;u;g;x;v;0.13 ;t;t;5.00 ;t;g;480.00 ;0.00 ;+
521.00 ;;20.42 ;7.50 ;u;g;k;v;1.50 ;t;t;1.00 ;f;g;160.00 ;234.00 ;+
522.00 ;a;30.00 ;5.29 ;u;g;e;dd;2.25 ;t;t;5.00 ;t;g;99.00 ;500.00 ;+
523.00 ;b;22.83 ;3.00 ;u;g;m;v;1.29 ;t;t;1.00 ;f;g;260.00 ;800.00 ;+
524.00 ;a;22.50 ;8.50 ;u;g;q;v;1.75 ;t;t;10.00 ;f;g;80.00 ;990.00 ;-
525.00 ;a;28.58 ;1665.00 ;u;g;q;v;2415.00 ;t;f;0.00 ;t;g;440.00 ;0.00 ;-
526.00 ;b;45.17 ;1.50 ;u;g;c;v;2.50 ;t;f;0.00 ;t;g;140.00 ;0.00 ;-
527.00 ;b;41.58 ;1.75 ;u;g;k;v;0.21 ;t;f;0.00 ;f;g;160.00 ;0.00 ;-
528.00 ;a;57.08 ;0.34 ;u;g;i;bb;1.00 ;t;f;0.00 ;t;g;252.00 ;2197.00 ;-
529.00 ;a;55.75 ;7.08 ;u;g;k;h;6.75 ;t;t;3.00 ;t;g;100.00 ;50.00 ;-
530.00 ;b;43.25 ;25.21 ;u;g;q;h;0.21 ;t;t;1.00 ;f;g;760.00 ;90.00 ;-
531.00 ;a;25.33 ;2085.00 ;u;g;c;h;2.75 ;t;f;0.00 ;t;g;360.00 ;1.00 ;-
532.00 ;a;24.58 ;0.67 ;u;g;aa;h;1.75 ;t;f;0.00 ;f;g;400.00 ;0.00 ;-
533.00 ;b;43.17 ;2.25 ;u;g;i;bb;0.75 ;t;f;0.00 ;f;g;560.00 ;0.00 ;-
534.00 ;b;40.92 ;0.84 ;u;g;ff;ff;0.00 ;t;f;0.00 ;f;g;130.00 ;1.00 ;-
535.00 ;b;31.83 ;2.50 ;u;g;aa;v;7.50 ;t;f;0.00 ;t;g;523.00 ;0.00 ;-
536.00 ;a;33.92 ;1585.00 ;y;p;ff;ff;0.00 ;t;f;0.00 ;f;g;320.00 ;0.00 ;-
537.00 ;a;24.92 ;1.25 ;u;g;ff;ff;0.00 ;t;f;0.00 ;f;g;80.00 ;0.00 ;-
538.00 ;b;35.25 ;3165.00 ;u;g;x;h;3.75 ;t;f;0.00 ;t;g;680.00 ;0.00 ;-
539.00 ;b;34.25 ;1.75 ;u;g;w;bb;0.25 ;t;f;0.00 ;t;g;163.00 ;0.00 ;-
540.00 ;b;80.25 ;5.50 ;u;g;;;0.54 ;t;f;0.00 ;f;g;0.00 ;340.00 ;-
541.00 ;b;19.42 ;1.50 ;y;p;cc;v;2.00 ;t;f;0.00 ;t;g;100.00 ;20.00 ;-
542.00 ;b;42.75 ;3.00 ;u;g;i;bb;1.00 ;t;f;0.00 ;f;g;0.00 ;200.00 ;-
543.00 ;b;19.67 ;10.00 ;y;p;k;h;0.84 ;t;f;0.00 ;t;g;140.00 ;0.00 ;-
544.00 ;b;36.33 ;3.79 ;u;g;w;v;1165.00 ;t;f;0.00 ;t;g;200.00 ;0.00 ;-
545.00 ;b;30.08 ;1.04 ;y;p;i;bb;0.50 ;t;t;10.00 ;t;g;132.00 ;28.00 ;-
546.00 ;b;44.25 ;11.00 ;y;p;d;v;1.50 ;t;f;0.00 ;f;s;0.00 ;0.00 ;-
547.00 ;b;23.58 ;0.46 ;y;p;w;v;2625.00 ;t;t;6.00 ;t;g;208.00 ;347.00 ;-
548.00 ;b;23.92 ;1.50 ;u;g;d;h;1875.00 ;t;t;6.00 ;f;g;200.00 ;327.00 ;+
549.00 ;b;33.17 ;1.00 ;u;g;x;v;0.75 ;t;t;7.00 ;t;g;340.00 ;4071.00 ;+
550.00 ;b;48.33 ;12.00 ;u;g;m;v;16.00 ;t;f;0.00 ;f;s;110.00 ;0.00 ;+
551.00 ;b;76.75 ;22.29 ;u;g;e;z;12.75 ;t;t;1.00 ;t;g;0.00 ;109.00 ;+
552.00 ;b;51.33 ;10.00 ;u;g;i;bb;0.00 ;t;t;11.00 ;f;g;0.00 ;1249.00 ;+
553.00 ;b;34.75 ;15.00 ;u;g;r;n;5375.00 ;t;t;9.00 ;t;g;0.00 ;134.00 ;+
554.00 ;b;38.58 ;3335.00 ;u;g;w;v;4.00 ;t;t;14.00 ;f;g;383.00 ;1344.00 ;+
555.00 ;a;22.42 ;11.25 ;y;p;x;h;0.75 ;t;t;4.00 ;f;g;0.00 ;321.00 ;+
556.00 ;b;41.92 ;0.42 ;u;g;c;h;0.21 ;t;t;6.00 ;f;g;220.00 ;948.00 ;+
557.00 ;b;29.58 ;4.50 ;u;g;w;v;7.50 ;t;t;2.00 ;t;g;330.00 ;0.00 ;+
558.00 ;a;32.17 ;1.46 ;u;g;w;v;1085.00 ;t;t;16.00 ;f;g;120.00 ;2079.00 ;+
559.00 ;b;51.42 ;0.04 ;u;g;x;h;0.04 ;t;f;0.00 ;f;g;0.00 ;3000.00 ;+
560.00 ;a;22.83 ;2.29 ;u;g;q;h;2.29 ;t;t;7.00 ;t;g;140.00 ;2384.00 ;+
561.00 ;a;25.00 ;12.33 ;u;g;cc;h;3.50 ;t;t;6.00 ;f;g;400.00 ;458.00 ;+
562.00 ;b;26.75 ;1125.00 ;u;g;x;h;1.25 ;t;f;0.00 ;f;g;0.00 ;5298.00 ;+
563.00 ;b;23.33 ;1.50 ;u;g;c;h;1415.00 ;t;f;0.00 ;f;g;422.00 ;200.00 ;+
564.00 ;b;24.42 ;12335.00 ;u;g;q;h;1585.00 ;t;f;0.00 ;t;g;120.00 ;0.00 ;+
565.00 ;b;42.17 ;5.04 ;u;g;q;h;12.75 ;t;f;0.00 ;t;g;92.00 ;0.00 ;+
566.00 ;a;20.83 ;3.00 ;u;g;aa;v;0.04 ;t;f;0.00 ;f;g;100.00 ;0.00 ;+
567.00 ;b;23.08 ;11.50 ;u;g;w;h;2125.00 ;t;t;11.00 ;t;g;290.00 ;284.00 ;+
568.00 ;a;25.17 ;2875.00 ;u;g;x;h;0.88 ;t;f;0.00 ;f;g;360.00 ;0.00 ;+
569.00 ;b;43.08 ;0.38 ;y;p;c;v;0.38 ;t;t;8.00 ;t;g;300.00 ;162.00 ;+
570.00 ;a;35.75 ;0.92 ;u;g;aa;v;0.75 ;t;t;4.00 ;f;g;0.00 ;1583.00 ;+
571.00 ;b;59.50 ;2.75 ;u;g;w;v;1.75 ;t;t;5.00 ;t;g;60.00 ;58.00 ;+
572.00 ;b;21.00 ;3.00 ;y;p;d;v;1085.00 ;t;t;8.00 ;t;g;160.00 ;1.00 ;+
573.00 ;b;21.92 ;0.54 ;y;p;x;v;0.04 ;t;t;1.00 ;t;g;840.00 ;59.00 ;+
574.00 ;a;65.17 ;14.00 ;u;g;ff;ff;0.00 ;t;t;11.00 ;t;g;0.00 ;1400.00 ;+
575.00 ;a;20.33 ;10.00 ;u;g;c;h;1.00 ;t;t;4.00 ;f;g;50.00 ;1465.00 ;+
576.00 ;b;32.25 ;0.17 ;y;p;c;h;3.25 ;t;t;1.00 ;t;g;432.00 ;8000.00 ;+
577.00 ;b;30.17 ;0.50 ;u;g;c;v;1.75 ;t;t;11.00 ;f;g;32.00 ;540.00 ;+
578.00 ;b;25.17 ;6.00 ;u;g;c;v;1.00 ;t;t;3.00 ;f;g;0.00 ;0.00 ;+
579.00 ;b;39.17 ;1625.00 ;u;g;c;v;1.50 ;t;t;10.00 ;f;g;186.00 ;4700.00 ;+
580.00 ;b;39.08 ;6.00 ;u;g;m;v;1.29 ;t;t;5.00 ;t;g;108.00 ;1097.00 ;+
581.00 ;b;31.67 ;0.83 ;u;g;x;v;1335.00 ;t;t;8.00 ;t;g;303.00 ;3290.00 ;+
582.00 ;b;41.00 ;0.04 ;u;g;e;v;0.04 ;f;t;1.00 ;f;s;560.00 ;0.00 ;+
583.00 ;b;48.50 ;4.25 ;u;g;m;v;0.13 ;t;f;0.00 ;t;g;225.00 ;0.00 ;+
584.00 ;b;32.67 ;9.00 ;y;p;w;h;5.25 ;t;f;0.00 ;t;g;154.00 ;0.00 ;+
585.00 ;a;28.08 ;15.00 ;y;p;e;z;0.00 ;t;f;0.00 ;f;g;0.00 ;13212.00 ;+
586.00 ;b;73.42 ;17.75 ;u;g;ff;ff;0.00 ;t;f;0.00 ;t;g;0.00 ;0.00 ;+
587.00 ;b;64.08 ;20.00 ;u;g;x;h;17.50 ;t;t;9.00 ;t;g;0.00 ;1000.00 ;+
588.00 ;b;51.58 ;15.00 ;u;g;c;v;8.50 ;t;t;9.00 ;f;g;0.00 ;0.00 ;+
589.00 ;b;26.67 ;1.75 ;y;p;c;v;1.00 ;t;t;5.00 ;t;g;160.00 ;5777.00 ;+
590.00 ;b;25.33 ;0.58 ;u;g;c;v;0.29 ;t;t;7.00 ;t;g;96.00 ;5124.00 ;+
591.00 ;b;30.17 ;6.50 ;u;g;cc;v;3125.00 ;t;t;8.00 ;f;g;330.00 ;1200.00 ;+
592.00 ;b;27.00 ;0.75 ;u;g;c;h;4.25 ;t;t;3.00 ;t;g;312.00 ;150.00 ;+
593.00 ;b;23.17 ;0.00 ;;;;;0.00 ;f;f;0.00 ;f;p;;0.00 ;+
594.00 ;b;34.17 ;5.25 ;u;g;w;v;0.09 ;f;f;0.00 ;t;g;290.00 ;6.00 ;+
595.00 ;b;38.67 ;0.21 ;u;g;k;v;0.09 ;t;f;0.00 ;t;g;280.00 ;0.00 ;+
596.00 ;b;25.75 ;0.75 ;u;g;c;bb;0.25 ;t;f;0.00 ;f;g;349.00 ;23.00 ;+
597.00 ;a;46.08 ;3.00 ;u;g;c;v;2375.00 ;t;t;8.00 ;t;g;396.00 ;4159.00 ;+
598.00 ;a;21.50 ;6.00 ;u;g;aa;v;2.50 ;t;t;3.00 ;f;g;80.00 ;918.00 ;+
599.00 ;;20.08 ;0.13 ;u;g;q;v;1.00 ;f;t;1.00 ;f;g;240.00 ;768.00 ;+
600.00 ;b;20.50 ;2415.00 ;u;g;c;v;2.00 ;t;t;11.00 ;t;g;200.00 ;3000.00 ;+
601.00 ;a;29.50 ;0.46 ;u;g;k;v;0.54 ;t;t;4.00 ;f;g;380.00 ;500.00 ;+
602.00 ;;42.25 ;1.75 ;y;p;;;0.00 ;f;f;0.00 ;t;g;150.00 ;1.00 ;-
603.00 ;b;29.83 ;1.25 ;y;p;k;v;0.25 ;f;f;0.00 ;f;g;224.00 ;0.00 ;-
604.00 ;b;20.08 ;0.25 ;u;g;q;v;0.13 ;f;f;0.00 ;f;g;200.00 ;0.00 ;-
605.00 ;b;23.42 ;0.59 ;u;g;c;h;0.09 ;t;f;0.00 ;f;g;180.00 ;0.00 ;-
606.00 ;a;29.58 ;1.75 ;y;p;k;v;1.25 ;f;f;0.00 ;t;g;280.00 ;0.00 ;-
607.00 ;b;16.17 ;0.04 ;u;g;c;v;0.04 ;f;f;0.00 ;f;g;0.00 ;0.00 ;+
608.00 ;b;32.33 ;3.50 ;u;g;k;v;0.50 ;f;f;0.00 ;t;g;232.00 ;0.00 ;-
609.00 ;b;;0.04 ;y;p;d;v;4.25 ;f;f;0.00 ;t;g;460.00 ;0.00 ;-
610.00 ;b;47.83 ;4165.00 ;u;g;x;bb;0.09 ;f;f;0.00 ;t;g;520.00 ;0.00 ;-
611.00 ;b;20.00 ;1.25 ;y;p;k;v;0.13 ;f;f;0.00 ;f;g;140.00 ;4.00 ;-
612.00 ;b;27.58 ;3.25 ;y;p;q;h;5085.00 ;f;t;2.00 ;t;g;369.00 ;1.00 ;-
613.00 ;b;22.00 ;0.79 ;u;g;w;v;0.29 ;f;t;1.00 ;f;g;420.00 ;283.00 ;-
614.00 ;b;19.33 ;10915.00 ;u;g;c;bb;0.59 ;f;t;2.00 ;t;g;200.00 ;7.00 ;-
615.00 ;a;38.33 ;4415.00 ;u;g;c;v;0.13 ;f;f;0.00 ;f;g;160.00 ;0.00 ;-
616.00 ;b;29.42 ;1.25 ;u;g;c;h;0.25 ;f;t;2.00 ;t;g;400.00 ;108.00 ;-
617.00 ;b;22.67 ;0.75 ;u;g;i;v;1585.00 ;f;t;1.00 ;t;g;400.00 ;9.00 ;-
618.00 ;b;32.25 ;14.00 ;y;p;ff;ff;0.00 ;f;t;2.00 ;f;g;160.00 ;1.00 ;-
619.00 ;b;29.58 ;4.75 ;u;g;m;v;2.00 ;f;t;1.00 ;t;g;460.00 ;68.00 ;-
620.00 ;b;18.42 ;10415.00 ;y;p;aa;v;0.13 ;t;f;0.00 ;f;g;120.00 ;375.00 ;-
621.00 ;b;22.17 ;2.25 ;u;g;i;v;0.13 ;f;f;0.00 ;f;g;160.00 ;10.00 ;-
622.00 ;b;22.67 ;0.17 ;u;g;c;j;2.25 ;f;f;0.00 ;t;s;0.00 ;0.00 ;+
623.00 ;a;25.58 ;0.00 ;;;;;0.00 ;f;f;0.00 ;f;p;;0.00 ;+
624.00 ;b;18.83 ;0.00 ;u;g;q;v;0.67 ;f;f;0.00 ;f;g;160.00 ;1.00 ;-
625.00 ;b;21.58 ;0.79 ;y;p;cc;v;0.67 ;f;f;0.00 ;f;g;160.00 ;0.00 ;-
626.00 ;b;23.75 ;12.00 ;u;g;c;v;2085.00 ;f;f;0.00 ;f;s;80.00 ;0.00 ;-
627.00 ;b;22.00 ;7835.00 ;y;p;i;bb;0.17 ;f;f;0.00 ;t;g;;0.00 ;-
628.00 ;b;36.08 ;2.54 ;u;g;ff;ff;0.00 ;f;f;0.00 ;f;g;0.00 ;1000.00 ;-
629.00 ;b;29.25 ;13.00 ;u;g;d;h;0.50 ;f;f;0.00 ;f;g;228.00 ;0.00 ;-
630.00 ;a;19.58 ;0.67 ;u;g;w;v;1665.00 ;f;f;0.00 ;f;g;220.00 ;5.00 ;-
631.00 ;a;22.92 ;1.25 ;u;g;q;v;0.25 ;f;f;0.00 ;t;g;120.00 ;809.00 ;-
632.00 ;a;27.25 ;0.29 ;u;g;m;h;0.13 ;f;t;1.00 ;t;g;272.00 ;108.00 ;-
633.00 ;a;38.75 ;1.50 ;u;g;ff;ff;0.00 ;f;f;0.00 ;f;g;76.00 ;0.00 ;-
634.00 ;b;32.42 ;2165.00 ;y;p;k;ff;0.00 ;f;f;0.00 ;f;g;120.00 ;0.00 ;-
635.00 ;a;23.75 ;0.71 ;u;g;w;v;0.25 ;f;t;1.00 ;t;g;240.00 ;4.00 ;-
636.00 ;b;18.17 ;2.46 ;u;g;c;n;0.96 ;f;t;2.00 ;t;g;160.00 ;587.00 ;-
637.00 ;b;40.92 ;0.50 ;y;p;m;v;0.50 ;f;f;0.00 ;t;g;130.00 ;0.00 ;-
638.00 ;b;19.50 ;9585.00 ;u;g;aa;v;0.79 ;f;f;0.00 ;f;g;80.00 ;350.00 ;-
639.00 ;b;28.58 ;3625.00 ;u;g;aa;v;0.25 ;f;f;0.00 ;t;g;100.00 ;0.00 ;-
640.00 ;b;35.58 ;0.75 ;u;g;k;v;1.50 ;f;f;0.00 ;t;g;231.00 ;0.00 ;-
641.00 ;b;34.17 ;2.75 ;u;g;i;bb;2.50 ;f;f;0.00 ;t;g;232.00 ;200.00 ;-
642.00 ;;33.17 ;2.25 ;y;p;cc;v;3.50 ;f;f;0.00 ;t;g;200.00 ;141.00 ;-
643.00 ;b;31.58 ;0.75 ;y;p;aa;v;3.50 ;f;f;0.00 ;t;g;320.00 ;0.00 ;-
644.00 ;a;52.50 ;7.00 ;u;g;aa;h;3.00 ;f;f;0.00 ;f;g;0.00 ;0.00 ;-
645.00 ;b;36.17 ;0.42 ;y;p;w;v;0.29 ;f;f;0.00 ;t;g;309.00 ;2.00 ;-
646.00 ;b;37.33 ;2665.00 ;u;g;cc;v;0.17 ;f;f;0.00 ;t;g;0.00 ;501.00 ;-
647.00 ;a;20.83 ;8.50 ;u;g;c;v;0.17 ;f;f;0.00 ;f;g;0.00 ;351.00 ;-
648.00 ;b;24.08 ;9.00 ;u;g;aa;v;0.25 ;f;f;0.00 ;t;g;0.00 ;0.00 ;-
649.00 ;b;25.58 ;0.34 ;u;g;k;h;3.50 ;f;f;0.00 ;t;g;340.00 ;0.00 ;-
650.00 ;a;35.17 ;3.75 ;u;g;ff;ff;0.00 ;f;t;6.00 ;f;g;0.00 ;200.00 ;-
651.00 ;b;48.08 ;3.75 ;u;g;i;bb;1.00 ;f;f;0.00 ;f;g;100.00 ;2.00 ;-
652.00 ;a;15.83 ;7625.00 ;u;g;q;v;0.13 ;f;t;1.00 ;t;g;0.00 ;160.00 ;-
653.00 ;a;22.50 ;0.42 ;u;g;i;v;0.34 ;f;f;0.00 ;t;s;144.00 ;0.00 ;-
654.00 ;b;21.50 ;11.50 ;u;g;i;v;0.50 ;t;f;0.00 ;t;g;100.00 ;68.00 ;-
655.00 ;a;23.58 ;0.83 ;u;g;q;v;0.42 ;f;t;1.00 ;t;g;200.00 ;11.00 ;-
656.00 ;a;21.08 ;5.00 ;y;p;ff;ff;0.00 ;f;f;0.00 ;f;g;0.00 ;0.00 ;-
657.00 ;b;25.67 ;3.25 ;u;g;c;h;2.29 ;f;t;1.00 ;t;g;416.00 ;21.00 ;-
658.00 ;a;38.92 ;1665.00 ;u;g;aa;v;0.25 ;f;f;0.00 ;f;g;0.00 ;390.00 ;-
659.00 ;a;15.75 ;0.38 ;u;g;c;v;1.00 ;f;f;0.00 ;f;g;120.00 ;18.00 ;-
660.00 ;a;28.58 ;3.75 ;u;g;c;v;0.25 ;f;t;1.00 ;t;g;40.00 ;154.00 ;-
661.00 ;b;22.25 ;9.00 ;u;g;aa;v;0.09 ;f;f;0.00 ;f;g;0.00 ;0.00 ;-
662.00 ;b;29.83 ;3.50 ;u;g;c;v;0.17 ;f;f;0.00 ;f;g;216.00 ;0.00 ;-
663.00 ;a;23.50 ;1.50 ;u;g;w;v;0.88 ;f;f;0.00 ;t;g;160.00 ;0.00 ;-
664.00 ;b;32.08 ;4.00 ;y;p;cc;v;1.50 ;f;f;0.00 ;t;g;120.00 ;0.00 ;-
665.00 ;b;31.08 ;1.50 ;y;p;w;v;0.04 ;f;f;0.00 ;f;s;160.00 ;0.00 ;-
666.00 ;b;31.83 ;0.04 ;y;p;m;v;0.04 ;f;f;0.00 ;f;g;0.00 ;0.00 ;-
667.00 ;a;21.75 ;11.75 ;u;g;c;v;0.25 ;f;f;0.00 ;t;g;180.00 ;0.00 ;-
668.00 ;a;17.92 ;0.54 ;u;g;c;v;1.75 ;f;t;1.00 ;t;g;80.00 ;5.00 ;-
669.00 ;b;30.33 ;0.50 ;u;g;d;h;0.09 ;f;f;0.00 ;t;s;252.00 ;0.00 ;-
670.00 ;b;51.83 ;2.04 ;y;p;ff;ff;1.50 ;f;f;0.00 ;f;g;120.00 ;1.00 ;-
671.00 ;b;47.17 ;5835.00 ;u;g;w;v;5.50 ;f;f;0.00 ;f;g;465.00 ;150.00 ;-
672.00 ;b;25.83 ;12835.00 ;u;g;cc;v;0.50 ;f;f;0.00 ;f;g;0.00 ;2.00 ;-
673.00 ;a;50.25 ;0.84 ;u;g;aa;v;0.50 ;f;f;0.00 ;t;g;240.00 ;117.00 ;-
674.00 ;;29.50 ;2.00 ;y;p;e;h;2.00 ;f;f;0.00 ;f;g;256.00 ;17.00 ;-
675.00 ;a;37.33 ;2.50 ;u;g;i;h;0.21 ;f;f;0.00 ;f;g;260.00 ;246.00 ;-
676.00 ;a;41.58 ;1.04 ;u;g;aa;v;0.67 ;f;f;0.00 ;f;g;240.00 ;237.00 ;-
677.00 ;a;30.58 ;10665.00 ;u;g;q;h;0.09 ;f;t;12.00 ;t;g;129.00 ;3.00 ;-
678.00 ;b;19.42 ;7.25 ;u;g;m;v;0.04 ;f;t;1.00 ;f;g;100.00 ;1.00 ;-
679.00 ;a;17.92 ;10.21 ;u;g;ff;ff;0.00 ;f;f;0.00 ;f;g;0.00 ;50.00 ;-
680.00 ;a;20.08 ;1.25 ;u;g;c;v;0.00 ;f;f;0.00 ;f;g;0.00 ;0.00 ;-
681.00 ;b;19.50 ;0.29 ;u;g;k;v;0.29 ;f;f;0.00 ;f;g;280.00 ;364.00 ;-
682.00 ;b;27.83 ;1.00 ;y;p;d;h;3.00 ;f;f;0.00 ;f;g;176.00 ;537.00 ;-
683.00 ;b;17.08 ;3.29 ;u;g;i;v;0.34 ;f;f;0.00 ;t;g;140.00 ;2.00 ;-
684.00 ;b;36.42 ;0.75 ;y;p;d;v;0.59 ;f;f;0.00 ;f;g;240.00 ;3.00 ;-
685.00 ;b;40.58 ;3.29 ;u;g;m;v;3.50 ;f;f;0.00 ;t;s;400.00 ;0.00 ;-
686.00 ;b;21.08 ;10085.00 ;y;p;e;h;1.25 ;f;f;0.00 ;f;g;260.00 ;0.00 ;-
687.00 ;a;22.67 ;0.75 ;u;g;c;v;2.00 ;f;t;2.00 ;t;g;200.00 ;394.00 ;-
688.00 ;a;25.25 ;13.50 ;y;p;ff;ff;2.00 ;f;t;1.00 ;t;g;200.00 ;1.00 ;-
689.00 ;b;17.92 ;0.21 ;u;g;aa;v;0.04 ;f;f;0.00 ;f;g;280.00 ;750.00 ;-
690.00 ;b;35.00 ;3375.00 ;u;g;c;h;8.29 ;f;f;0.00 ;t;g;0.00 ;0.00 ;-
